,YearBuilt,NumberofBuildings,NumberofFloors,PropertyGFATotal,PropertyGFAParking,PropertyGFABuilding(s),ListOfAllPropertyUseTypes,SiteEUI(kBtu/sf),SiteEnergyUse(kBtu),SteamUse(kBtu),Electricity(kBtu),NaturalGas(kBtu),DefaultData,ComplianceStatus,TotalGHGEmissions
0,1927,1.0,12,88434,0,88434,Hotel,81.69999695,7226362.5,2003882.0,3946027.0,1276453.0,False,Compliant,249.98
1,1996,1.0,11,103566,15064,88502,"Hotel, Parking, Restaurant",94.80000305,8387933.0,0.0,3242851.0,5145082.0,False,Compliant,295.86
2,1969,1.0,41,956110,196718,759392,Hotel,96.0,72587024.0,21566554.0,49526664.0,1493800.0,False,Compliant,2089.28
3,1926,1.0,10,61320,0,61320,Hotel,110.8000031,6794584.0,2214446.25,2768924.0,1811213.0,False,Compliant,286.43
4,1980,1.0,18,175580,62000,113580,"Hotel, Parking, Swimming Pool",114.8000031,14172606.0,0.0,5368607.0,8803998.0,False,Compliant,505.01
5,1999,1.0,2,97288,37198,60090,Police Station,136.1000061,12086616.0,0.0,7371434.0,4715182.0,False,Compliant,301.81
6,1926,1.0,11,83008,0,83008,Hotel,70.80000305,5758795.0,0.0,2811215.0,2947580.0,False,Compliant,176.14
7,1926,1.0,8,102761,0,102761,Other - Entertainment/Public Assembly,61.29999924,6298131.5,2276286.5,3636655.0,385189.0,False,Compliant,221.51
8,1904,1.0,15,163984,0,163984,Hotel,83.69999695,13723820.0,0.0,7297919.0,6425900.0,False,Compliant,392.16
10,1969,1.0,11,153163,19279,133884,Hotel,119.5999985,16016644.0,5237165.5,6187627.0,4591850.0,False,Compliant,691.26
11,1998,1.0,25,333176,61161,272015,Hotel,80.0,26941110.0,5999360.5,18083049.0,2858700.0,False,Compliant,740.97
12,1928,1.0,9,65009,0,65009,Hotel,101.5,6596057.5,1656352.5,1343000.0,3596705.0,False,Compliant,328.23
13,1980,1.0,33,315952,57600,258352,"Hotel, Parking",75.5,22325364.0,4337738.5,13904183.0,4083440.0,False,Compliant,648.62
14,1922,1.0,11,92190,25200,66990,"Hotel, Parking",159.5,10750010.0,4870847.5,3832369.0,2046793.0,False,Compliant,511.39
15,2004,1.0,11,412000,57000,355000,"Data Center, Library, Parking",50.79999924,18588860.0,737559.5,17851297.0,0.0,False,Compliant,181.38
16,1930,1.0,6,103911,0,103911,"Fitness Center/Health Club/Gym, Office, Swimming Pool",76.59999847,9956396.0,4592347.5,4453868.0,910180.0,False,Compliant,433.86
17,1983,1.0,28,416281,85000,331281,"Hotel, Parking",96.30000305,33556756.0,0.0,21225277.0,12331475.0,False,Compliant,802.89
18,1907,1.0,5,57452,0,57452,"Office, Other, Other - Lodging/Residential, Restaurant, Social/Meeting Hall",132.3999939,7606084.5,1776201.875,3764791.0,2065091.0,False,Compliant,273.02
19,1916,1.0,10,104352,0,104352,Hotel,97.30000305,10154608.0,3430862.0,5908370.0,815376.0,False,Compliant,349.32
20,1916,1.0,10,540360,0,540360,Courthouse,83.69999695,44984468.0,0.0,24357833.0,20626631.0,False,Compliant,1265.29
21,1985,1.0,19,385274,0,385274,Other,124.1999969,47859812.0,0.0,18257661.0,29602150.0,False,Compliant,1699.45
22,1961,1.0,2,56228,0,56228,K-12 School,26.10000038,1539478.5,0.0,936955.0,602523.0,True,Error - Correct Default Data,38.53
23,2001,1.0,6,88592,30586,58006,"Hotel, Parking",63.20000076,3663534.5,0.0,2266231.0,1397303.0,False,Compliant,90.01
24,1928,1.0,7,126593,0,126593,College/University,90.69999695,11343686.0,0.0,4647474.0,6696211.0,False,Compliant,388.04
25,1930,1.0,2,67224,0,67224,Automobile Dealership,19.5,1310236.625,0.0,1310236.0,0.0,False,Compliant,9.13
26,1991,1.0,8,158676,30301,128375,"Hotel, Parking, Retail Store, Swimming Pool",45.5,5328051.5,0.0,572307.0,4755745.0,False,Compliant,256.57
27,2001,1.0,10,171866,38281,133585,Hotel,85.80000305,11061916.0,0.0,5610706.0,5451210.0,False,Compliant,328.63
28,1955,1.0,1,126351,0,126351,K-12 School,0.0,0.0,0.0,0.0,0.0,False,Missing Data,0.0
29,1978,1.0,5,68410,16200,52210,Hotel,92.90000153,4456714.5,0.0,2346349.0,2110365.0,False,Compliant,128.44
30,1949,1.0,2,160645,0,160645,K-12 School,41.29999924,6779173.0,0.0,1947601.0,4831572.0,True,Error - Correct Default Data,270.18
31,1989,1.0,2,51582,0,51582,K-12 School,0.0,0.0,0.0,1496816.0,0.0,False,Missing Data,10.43
32,1906,1.0,3,87262,0,87262,"K-12 School, Multifamily Housing, Office, Other - Entertainment/Public Assembly",61.5,4145920.5,0.0,1352843.0,2793077.0,False,Compliant,157.77
33,1994,1.0,4,81871,0,81871,Hotel,81.5,6668568.5,0.0,3016399.0,3652169.0,False,Compliant,215.0
34,1955,1.0,2,110356,0,110356,Self-Storage Facility,12.10000038,318364.8125,0.0,281265.0,37100.0,False,Compliant,3.93
35,1992,1.0,3,494835,0,494835,"Energy/Power Station, Laboratory, Manufacturing/Industrial Plant, Non-Refrigerated Warehouse, Office",221.6999969,448385312.0,0.0,150476283.0,297909000.0,False,Compliant,16870.98
36,1961,3.0,2,714095,0,714095,"Non-Refrigerated Warehouse, Office, Refrigerated Warehouse",46.40000153,44731160.0,0.0,44731153.0,0.0,False,Compliant,311.84
37,1990,1.0,2,54986,0,54986,K-12 School,30.0,1650279.25,0.0,1217589.0,432690.0,False,Compliant,31.47
38,1950,1.0,2,175565,0,175565,K-12 School,35.0,6399127.5,0.0,1599684.0,4799443.0,True,Error - Correct Default Data,266.05
39,1961,1.0,2,94900,0,94900,"Non-Refrigerated Warehouse, Office",65.19999695,6186461.5,0.0,4291585.0,1894876.0,False,Compliant,130.56
40,1900,1.0,2,52554,0,52554,"Office, Other - Education",50.09999847,2951331.25,0.0,1579749.0,1371582.0,False,Compliant,83.86
41,1954,1.0,3,175015,0,175015,K-12 School,40.0,6994740.5,0.0,2679739.0,4315001.0,False,Compliant,247.85
42,1911,1.0,3,70586,0,70586,"Office, Self-Storage Facility, Vocational School",30.60000038,2158629.0,0.0,1500229.0,658400.0,False,Compliant,45.43
43,1969,1.0,24,332210,205970,126240,Hotel,46.40000153,16163194.0,0.0,12204406.0,3958787.0,False,Compliant,295.33
44,1973,1.0,5,168115,0,168115,"Data Center, Office, Retail Store",56.29999924,9536161.0,0.0,9536160.0,0.0,False,Compliant,66.48
45,1920,1.0,2,57428,0,57428,"Other - Mall, Personal Services (Health/Beauty, Dry Cleaning, etc)",21.70000076,1247362.0,0.0,714939.0,532423.0,False,Compliant,33.26
46,1910,1.0,8,59400,0,59400,"Office, Retail Store",85.40000153,5071974.0,0.0,5071973.0,0.0,False,Compliant,35.36
47,1926,1.0,2,52549,0,52549,"Office, Other - Entertainment/Public Assembly, Restaurant",286.3999939,15026196.0,0.0,4632459.0,10393737.0,False,Compliant,584.31
48,1930,1.0,20,98634,10043,88591,"Hotel, Parking, Restaurant",54.59999847,4841347.5,0.0,4290059.0,551288.0,False,Compliant,59.19
49,1982,1.0,34,994212,146694,847518,"Hotel, Parking, Swimming Pool",80.90000153,80469216.0,11598686.0,45545529.0,23324992.0,False,Compliant,2451.58
50,1985,1.0,7,71150,0,71150,"Hotel, Parking, Restaurant, Retail Store",93.09999847,5348309.0,0.0,3243900.0,2104408.0,False,Compliant,134.38
51,1908,1.0,7,122810,0,122810,"Hotel, Other - Entertainment/Public Assembly, Retail Store",44.0,5401277.5,0.0,1293561.0,4107716.0,False,Compliant,227.18
52,1959,1.0,5,113173,42546,70627,"Hotel, Parking",74.80000305,5284343.5,0.0,2944680.0,2339663.0,False,Compliant,144.79
53,2000,1.0,7,150453,34735,115718,Hotel,60.70000076,6715187.0,0.0,3396109.0,3319078.0,False,Compliant,199.95
54,1997,1.0,6,116300,28200,88100,Hotel,65.90000153,5827595.5,0.0,3188457.0,2639138.0,False,Compliant,162.39
55,1998,1.0,6,155602,36744,118858,Hotel,43.90000153,6836900.0,0.0,4558937.0,2277962.0,False,Compliant,152.76
56,1911,1.0,3,56072,0,56072,K-12 School,57.70000076,3234787.75,0.0,551867.0,2682920.0,False,Compliant,146.34
57,1999,1.0,4,122942,44891,78051,"Hotel, Parking",68.40000153,5337334.0,0.0,2423730.0,2913604.0,False,Compliant,171.64
58,1962,1.0,2,54984,0,54984,Office,61.40000153,3375211.0,0.0,1978230.0,1396981.0,False,Compliant,87.98
59,1922,1.0,5,217603,0,217603,"Parking, Senior Care Community",144.3999939,42792072.0,0.0,11824772.0,30967300.0,False,Compliant,1727.11
60,1970,1.0,2,93397,0,93397,Senior Care Community,175.6000061,16402563.0,0.0,5679498.0,10723064.0,False,Compliant,609.1
61,2008,1.0,6,84103,20732,63371,"Hotel, Parking",58.5,3706100.25,0.0,2812688.0,893412.0,False,Compliant,67.06
62,1948,1.0,2,53352,0,53352,K-12 School,0.0,0.0,0.0,600813.0,0.0,False,Missing Data,4.19
63,1965,0.0,3,179014,0,179014,Medical Office,93.30000305,16701055.0,0.0,9886484.0,6814570.0,False,Compliant,430.84
64,1908,1.0,7,76631,0,76631,Hotel,94.69999695,7258758.5,0.0,2660742.0,4598016.0,False,Compliant,262.75
65,1983,1.0,6,99780,9341,90439,"Data Center, Medical Office, Non-Refrigerated Warehouse, Office, Other, Parking",204.5,15473117.0,5327802.5,10145313.0,0.0,False,Compliant,481.97
66,1929,1.0,2,58320,0,58320,Retail Store,14.60000038,1049748.625,0.0,361803.0,687945.0,False,Compliant,39.06
67,2010,1.0,5,316306,0,316306,"Office, Other, Parking, Retail Store",48.0,13795954.0,0.0,12871091.0,924861.0,False,Compliant,138.85
68,1990,1.0,7,282863,44766,238097,"Hotel, Parking",82.5,19459304.0,0.0,10980652.0,8478651.0,False,Compliant,526.85
69,1962,1.0,1,389000,0,389000,Other,64.30000305,23658978.0,6093150.0,14419146.0,688680.0,False,Compliant,607.41
70,1962,1.0,1,91213,0,91213,Other,125.1999969,8141155.5,4120130.0,3754115.0,0.0,False,Compliant,344.2
71,1938,1.0,5,396085,0,396085,Other,75.19999695,20955026.0,9763690.0,7252325.0,0.0,False,Compliant,804.2
72,2010,1.0,12,571329,0,571329,"Office, Other, Parking",63.40000153,39605888.0,0.0,32206199.0,7399685.0,False,Compliant,617.52
73,1962,1.0,2,52000,0,52000,Other,52.40000153,2726369.0,1202380.0,1293349.0,0.0,False,Compliant,101.83
74,1928,1.0,1,60696,0,60696,Other,8.100000381,875943.3125,0.0,875943.0,0.0,False,Compliant,6.11
75,1928,1.0,2,262048,0,262048,Other,70.0,20723248.0,5137220.0,13512686.0,0.0,False,Compliant,490.73
76,1986,0.0,2,66240,2352,63888,"Data Center, Distribution Center, Office, Parking, Retail Store",74.90000153,4166306.25,0.0,4166305.0,0.0,False,Compliant,29.04
77,2010,1.0,6,920598,303707,616891,"Office, Other, Parking",49.79999924,36667044.0,0.0,27597261.0,9069780.0,False,Compliant,674.09
78,1970,1.0,4,76213,25930,50283,"Office, Other, Parking",68.19999695,3476212.5,0.0,2944692.0,531520.0,False,Compliant,48.76
79,2002,1.0,6,96910,36934,59976,"Hotel, Parking",86.0,5155568.5,0.0,2637011.0,2518558.0,False,Compliant,152.14
80,1962,2.0,4,50017,0,50017,"Hotel, Swimming Pool",108.9000015,5448975.0,0.0,2128306.0,3320669.0,False,Compliant,191.2
81,1999,1.0,3,74468,0,74468,K-12 School,0.0,0.0,0.0,1698176.0,0.0,False,Missing Data,11.84
82,1923,1.0,3,67743,0,67743,K-12 School,39.09999847,2646879.0,0.0,1337786.0,1309093.0,False,Compliant,78.85
83,1908,1.0,6,194104,0,194104,K-12 School,32.0,6219841.5,0.0,1887893.0,4331949.0,False,Compliant,243.23
84,2003,1.0,3,99433,35752,63681,"Office, Parking",76.90000153,4897760.0,0.0,4897760.0,0.0,False,Compliant,34.14
85,1991,1.0,2,58933,0,58933,K-12 School,0.0,0.0,0.0,2347138.0,0.0,False,Missing Data,16.36
86,1957,1.0,1,130862,0,130862,K-12 School,48.0,6456026.0,0.0,2262820.0,4193207.0,True,Error - Correct Default Data,238.48
87,1989,1.0,3,59955,0,59955,K-12 School,27.20000076,1633399.375,0.0,1436416.0,196983.0,True,Error - Correct Default Data,20.48
88,1964,1.0,2,93218,0,93218,K-12 School,31.0,2887392.0,0.0,1486758.0,1400634.0,True,Error - Correct Default Data,84.75
89,1941,1.0,4,56521,0,56521,Other,129.6999969,6357632.0,0.0,6357631.0,0.0,False,Compliant,44.32
90,1929,1.0,2,206934,0,206934,"Other, Parking",35.70000076,4253577.5,0.0,2001103.0,2252474.0,False,Compliant,133.58
91,2001,1.0,4,51390,0,51390,"Hotel, Parking",70.30000305,3611538.0,0.0,1398289.0,2213249.0,False,Compliant,127.29
92,1963,1.0,2,131013,0,131013,K-12 School,29.5,3894584.5,0.0,1775488.0,2119097.0,True,Error - Correct Default Data,124.92
93,1959,1.0,1,245587,0,245587,K-12 School,47.90000153,11765682.0,0.0,3926011.0,7839670.0,False,Compliant,443.73
94,2002,1.0,3,69138,0,69138,Hotel,45.90000153,3242458.0,0.0,1802889.0,1439568.0,False,Compliant,89.02
95,1991,1.0,3,66588,0,66588,K-12 School,0.0,0.0,0.0,2104286.0,0.0,False,Missing Data,14.67
96,1904,1.0,5,190980,0,190980,"Hotel, Parking",34.09999847,6505995.0,0.0,4402910.0,2103084.0,False,Compliant,142.39
97,1998,1.0,6,284100,0,284100,Other - Entertainment/Public Assembly,77.19999695,14641502.0,4311136.0,9803021.0,527343.0,False,Compliant,429.12
98,1954,4.0,5,285333,0,285333,"Hospital (General Medical & Surgical), Parking",225.0,68090728.0,0.0,35237205.0,32853512.0,False,Compliant,1990.5
99,1991,1.0,2,55513,0,55513,K-12 School,25.60000038,1513570.75,0.0,1513571.0,0.0,True,Error - Correct Default Data,10.55
100,2006,1.0,4,61156,0,61156,"Office, Other",130.1000061,9363374.0,0.0,6947270.0,2416104.0,False,Compliant,176.75
101,1910,1.0,4,72820,13820,59000,Museum,34.70000076,2010454.625,0.0,1311669.0,698785.0,False,Compliant,46.26
102,1996,1.0,4,162222,14200,148022,"Hotel, Parking",69.90000153,7946961.0,0.0,4197462.0,3749499.0,False,Compliant,228.4
103,1990,1.0,4,289588,0,289588,K-12 School,30.5,8819852.0,0.0,6449764.0,2370086.0,True,Error - Correct Default Data,170.84
104,1915,1.0,3,63330,0,63330,College/University,47.20000076,3059758.0,0.0,1911064.0,1148694.0,False,Compliant,74.33
105,1970,27.0,2,441071,0,441071,College/University,79.30000305,38301744.0,0.0,25314575.0,12987166.0,False,Compliant,866.23
106,2002,1.0,2,96300,0,96300,"Data Center, Office",167.8000031,16319835.0,0.0,13973696.0,2346137.0,False,Compliant,222.02
107,1950,1.0,1,67356,0,67356,"Repair Services (Vehicle, Shoe, Locksmith, etc)",109.4000015,7475577.5,0.0,4182001.0,3293576.0,False,Compliant,204.08
108,2008,1.0,3,254523,0,254523,K-12 School,53.29999924,13567774.0,0.0,7835065.0,5732708.0,True,Error - Correct Default Data,359.09
109,2001,1.0,3,78804,0,78804,K-12 School,31.70000076,2499140.0,0.0,1645214.0,853926.0,True,Error - Correct Default Data,56.82
110,2002,1.0,3,66994,0,66994,K-12 School,35.40000153,2371304.5,0.0,1824845.0,546459.0,True,Error - Correct Default Data,41.74
111,2000,1.0,3,98357,0,98357,K-12 School,35.09999847,3456131.5,0.0,1927067.0,1529064.0,True,Error - Correct Default Data,94.64
112,1958,1.0,1,54765,0,54765,"Office, Other",83.80000305,4253369.5,0.0,3569337.0,684032.0,False,Compliant,61.21
113,2009,1.0,5,89821,0,89821,"Food Service, Office, Other - Lodging/Residential",21.89999962,1950092.5,0.0,67462.0,1882631.0,False,Compliant,100.46
114,1980,1.0,2,52611,0,52611,College/University,78.30000305,4116871.5,0.0,2479273.0,1637598.0,False,Compliant,104.26
115,2001,1.0,4,139600,37500,102100,Residence Hall/Dormitory,32.79999924,4448582.5,0.0,2316298.0,2132284.0,False,Compliant,129.39
116,2011,1.0,2,236758,0,236758,"K-12 School, Parking",35.0,8355988.5,0.0,4789948.0,3566039.0,False,Compliant,222.78
117,1971,3.0,6,250981,0,250981,"Courthouse, Other",60.5,13071700.0,4336524.5,8155002.0,580172.0,False,Compliant,422.39
118,2002,1.0,3,62526,0,62526,K-12 School,31.79999924,1986094.875,0.0,1114389.0,871706.0,True,Error - Correct Default Data,54.07
119,2004,1.0,11,299070,68432,230638,Other,261.2999878,65336980.0,0.0,30651644.0,34685331.0,False,Compliant,2055.82
120,2007,1.0,3,64015,0,64015,"Non-Refrigerated Warehouse, Office, Other - Services",60.0,3242077.75,0.0,2657382.0,584696.0,False,Compliant,49.58
121,1951,1.0,1,530039,0,530039,"Restaurant, Retail Store",52.29999924,27717034.0,0.0,16224529.0,11492503.0,False,Compliant,723.47
122,1964,1.0,3,54224,0,54224,Other/Specialty Hospital,154.5,7265178.0,0.0,3344827.0,3920350.0,False,Compliant,231.53
123,1965,1.0,4,124342,0,124342,Retail Store,71.90000153,8765978.0,0.0,8653621.0,112356.0,False,Compliant,66.3
124,1953,6.0,10,879000,0,879000,Hospital (General Medical & Surgical),288.7999878,253832464.0,0.0,115641210.0,138191238.0,False,Compliant,8145.52
125,1996,1.0,3,55442,0,55442,"Financial Office, Medical Office, Parking",85.59999847,3191228.25,0.0,1859345.0,1331883.0,False,Compliant,83.7
126,1999,1.0,2,242795,0,242795,K-12 School,37.70000076,9157150.0,0.0,7859464.0,1297685.0,True,Error - Correct Default Data,123.71
127,1910,1.0,5,84870,0,84870,Self-Storage Facility,16.20000076,1381590.125,0.0,482635.0,898955.0,False,Compliant,51.11
128,1970,11.0,2,694072,111625,582447,College/University,53.79999924,35891484.0,0.0,33450832.0,2440648.0,False,Compliant,362.82
129,1952,1.0,2,173185,0,173185,K-12 School,35.40000153,6127771.5,0.0,1800727.0,4327044.0,True,Error - Correct Default Data,242.36
130,1963,1.0,1,145341,0,145341,K-12 School,39.5,5499097.0,0.0,1864967.0,3634130.0,True,Error - Correct Default Data,206.01
131,1904,1.0,4,114297,0,114297,Non-Refrigerated Warehouse,18.39999962,2100097.75,0.0,912475.0,1187623.0,False,Compliant,69.44
132,1960,1.0,2,184125,0,184125,K-12 School,47.79999924,8800292.0,0.0,2999862.0,5800430.0,True,Error - Correct Default Data,328.97
133,1959,1.0,1,160270,0,160270,K-12 School,0.0,0.0,0.0,0.0,4318917.0,False,Missing Data,229.38
134,1937,1.0,1,234144,0,234144,Non-Refrigerated Warehouse,28.79999924,6744317.0,0.0,1316817.0,5427500.0,False,Compliant,297.43
135,1966,1.0,1,64984,0,64984,Retail Store,45.0,2944296.25,0.0,2613687.0,330609.0,False,Compliant,35.78
136,1965,1.0,1,67745,0,67745,Retail Store,136.1999969,9230223.0,0.0,2624102.0,6606121.0,False,Compliant,369.14
137,2010,1.0,2,367884,0,367884,K-12 School,33.29999924,12265516.0,0.0,8205020.0,4060496.0,False,Compliant,272.85
138,1958,1.0,1,46797,0,46797,K-12 School,44.40000153,2075891.0,0.0,797204.0,1278687.0,True,Error - Correct Default Data,73.47
139,1963,1.0,3,136188,0,136188,K-12 School,0.0,0.0,0.0,0.0,3217877.0,False,Missing Data,170.9
140,1973,1.0,3,56000,0,56000,Other,33.09999847,1851260.5,0.0,844864.0,1006396.0,False,Compliant,59.34
141,2004,1.0,2,67371,0,67371,K-12 School,31.60000038,2128459.0,0.0,1445339.0,683120.0,True,Error - Correct Default Data,46.36
142,1969,1.0,2,52088,0,52088,Self-Storage Facility,26.39999962,1377519.5,0.0,523765.0,853755.0,False,Compliant,48.99
143,2010,1.0,3,127776,0,127776,K-12 School,37.20000076,4748137.0,0.0,3729930.0,1018207.0,True,Error - Correct Default Data,80.08
144,1998,1.0,5,123920,30000,93920,"Hotel, Parking, Swimming Pool",75.59999847,9373179.0,0.0,4079217.0,5293961.0,False,Compliant,309.6
145,1900,1.0,1,50000,0,50000,Museum,175.6000061,7548807.0,0.0,3797924.0,3750882.0,False,Compliant,225.69
146,1926,1.0,2,50292,0,50292,"Non-Refrigerated Warehouse, Office, Other - Services, Residence Hall/Dormitory",8.0,430473.6875,0.0,430474.0,0.0,False,Compliant,3.0
147,1998,1.0,7,207656,54341,153315,Hotel,78.90000153,11171988.0,0.0,5530787.0,5641200.0,False,Compliant,338.16
148,1999,1.0,2,67235,0,67235,K-12 School,34.0,2284133.75,0.0,1564728.0,719406.0,True,Error - Correct Default Data,49.12
149,1957,1.0,2,91130,0,91130,"Data Center, Distribution Center, Office, Other, Parking",100.5,9472358.0,0.0,7093984.0,2378373.0,False,Compliant,175.77
150,1991,1.0,3,58118,0,58118,K-12 School,23.79999924,1407277.25,0.0,1158457.0,248820.0,True,Error - Correct Default Data,21.29
151,1968,1.0,4,64893,0,64893,Hotel,95.5,6197825.0,0.0,2620548.0,3577277.0,False,Compliant,208.26
152,1989,1.0,2,52792,0,52792,K-12 School,0.0,0.0,0.0,0.0,0.0,False,Missing Data,0.0
153,1925,1.0,1,70762,0,70762,K-12 School,51.0,3606416.0,0.0,491106.0,3115310.0,True,Error - Correct Default Data,168.88
154,1900,1.0,3,44558,0,44558,"Office, Restaurant, Self-Storage Facility",37.59999847,1677002.25,0.0,1317637.0,359365.0,False,Compliant,28.27
155,1999,1.0,6,1585960,327680,1258280,"Other - Entertainment/Public Assembly, Parking",37.70000076,59757440.0,0.0,49439914.0,10317518.0,False,Compliant,892.63
156,1924,1.0,2,179161,0,179161,"Data Center, Distribution Center, Office, Other",52.20000076,9436408.0,0.0,8772104.0,664302.0,False,Compliant,96.43
157,1965,1.0,2,58640,0,58640,"Non-Refrigerated Warehouse, Office, Other, Other - Services",55.90000153,3928695.25,0.0,3928695.0,0.0,False,Compliant,27.39
158,1999,1.0,3,1172127,0,1172127,Other - Entertainment/Public Assembly,50.09999847,58761304.0,0.0,40622381.0,18138920.0,False,Compliant,1246.55
159,2005,1.0,9,168449,14567,153882,"Food Service, Hotel, Parking",88.19999695,12726789.0,0.0,6232233.0,6494555.0,False,Compliant,388.37
160,1916,0.0,4,79600,0,79600,Non-Refrigerated Warehouse,30.29999924,2411402.25,0.0,2411402.0,0.0,False,Compliant,16.81
161,1997,1.0,4,241066,0,241066,K-12 School,32.29999924,7791957.0,0.0,3096316.0,4695641.0,True,Error - Correct Default Data,270.97
162,1980,14.0,2,334368,31874,302494,"Laboratory, Non-Refrigerated Warehouse, Office, Other - Utility",159.8999939,53466684.0,0.0,45321378.0,8145300.0,False,Compliant,748.55
163,2008,1.0,6,419848,335109,84739,"Fast Food Restaurant, Medical Office, Movie Theater, Parking, Retail Store",107.8000031,9134963.0,0.0,6995246.0,2139716.0,False,Compliant,162.41
164,2002,1.0,4,110785,0,110785,"Financial Office, Multifamily Housing, Parking, Retail Store, Supermarket/Grocery Store",95.30000305,10557910.0,0.0,10139555.0,418354.0,False,Compliant,92.91
166,1999,1.0,0,934292,0,934292,"Hotel, Other, Parking, Restaurant, Retail Store",117.9000015,65047284.0,0.0,39364114.0,25683162.0,False,Compliant,1638.46
167,1990,6.0,5,597519,0,597519,"Hospital (General Medical & Surgical), Parking",238.3999939,143423024.0,0.0,58754927.0,84668094.0,False,Compliant,4906.33
168,1999,1.0,1,71714,0,71714,K-12 School,33.09999847,2371358.0,0.0,1944216.0,427142.0,True,Error - Correct Default Data,36.24
169,1991,1.0,3,75397,8161,67236,"Non-Refrigerated Warehouse, Parking",8.199999809,549181.375,0.0,423381.0,125800.0,False,Compliant,9.63
170,2000,9.0,8,1158691,0,1158691,"Hospital (General Medical & Surgical), Parking",217.1000061,293090784.0,122575032.0,168683602.0,1832129.0,False,Compliant,10734.57
171,1999,1.0,5,102796,12611,90185,"K-12 School, Medical Office, Office, Restaurant, Retail Store, Senior Care Community",98.30000305,10105379.0,0.0,7428816.0,2676561.0,False,Compliant,193.94
172,2002,1.0,2,208981,0,208981,K-12 School,39.09999847,8164853.0,0.0,4894851.0,3270002.0,True,Error - Correct Default Data,207.79
174,1928,1.0,2,55653,0,55653,K-12 School,24.79999924,1377627.0,0.0,6138.0,1371489.0,False,Compliant,72.88
175,1931,1.0,16,106860,0,106860,Hotel,111.6999969,11935719.0,0.0,3561742.0,8373976.0,False,Compliant,469.57
176,1972,1.0,5,50759,0,50759,"Office, Restaurant",62.0,3147042.0,0.0,2558533.0,588509.0,False,Compliant,49.09
177,1952,1.0,2,56772,0,56772,Worship Facility,43.0,2439484.75,0.0,975113.0,1464372.0,False,Compliant,84.57
178,1952,1.0,3,103000,0,103000,Worship Facility,47.09999847,4854429.5,0.0,2338435.0,2515995.0,False,Compliant,149.93
179,2006,1.0,3,269297,0,269297,K-12 School,39.0,10498344.0,0.0,7203965.0,3294379.0,True,Error - Correct Default Data,225.19
180,2001,1.0,3,75174,0,75174,K-12 School,36.40000153,2733846.0,0.0,1589543.0,1144302.0,True,Error - Correct Default Data,71.86
181,2003,1.0,3,75214,0,75214,K-12 School,31.0,2334260.0,0.0,1733685.0,600575.0,True,Error - Correct Default Data,43.98
182,2005,1.0,3,134918,0,134918,K-12 School,28.29999924,3822102.5,0.0,2895105.0,926998.0,True,Error - Correct Default Data,69.42
183,1991,1.0,2,64414,0,64414,K-12 School,35.09999847,2295176.5,0.0,2295176.0,0.0,True,Error - Correct Default Data,16.0
184,1927,1.0,3,92437,0,92437,K-12 School,50.0,4626443.0,0.0,967866.0,3658577.0,True,Error - Correct Default Data,201.05
185,1914,1.0,7,128766,0,128766,"Office, Other, Other - Entertainment/Public Assembly",47.0,6057410.0,0.0,5732650.0,324760.0,False,Compliant,57.21
186,1913,1.0,9,107572,0,107572,"Office, Residence Hall/Dormitory, Retail Store",54.79999924,5572503.0,3076446.5,2496056.0,0.0,False,Compliant,254.87
187,1955,1.0,15,230880,0,230880,Other,306.3999939,62197176.0,0.0,62197171.0,0.0,False,Compliant,433.6
191,2007,1.0,3,204961,0,204961,K-12 School,40.0,8190809.0,0.0,4528726.0,3662082.0,True,Error - Correct Default Data,226.06
192,1973,1.0,1,76086,0,76086,Other,42.0,3267564.0,0.0,1563366.0,1704198.0,False,Compliant,101.41
193,1927,1.0,5,190000,39000,151000,"Medical Office, Office",183.5,28731502.0,0.0,18745441.0,9986059.0,False,Compliant,661.04
194,1961,1.0,4,122309,0,122309,Hotel,208.1000061,25453690.0,0.0,6322533.0,19131155.0,False,Compliant,1060.13
195,1995,4.0,3,215476,0,215476,Other,110.5999985,24017770.0,0.0,13788853.0,10228916.0,False,Compliant,639.39
196,2003,1.0,8,254273,38800,215473,Hotel,96.19999695,26659244.0,0.0,13763542.0,12895700.0,False,Compliant,780.84
197,1980,1.0,2,69400,0,69400,Other - Entertainment/Public Assembly,213.6999969,14833476.0,0.0,10534370.0,4299104.0,False,Compliant,301.76
198,1900,1.0,1,62900,0,62900,"Other, Restaurant, Retail Store",158.3000031,10394330.0,0.0,3787933.0,6606397.0,False,Compliant,377.27
199,1914,1.0,4,56500,0,56500,"Office, Retail Store",34.5,1380293.625,492761.8125,887532.0,0.0,False,Compliant,44.22
200,2008,1.0,4,203504,0,203504,"Non-Refrigerated Warehouse, Other - Services",18.60000038,3785282.5,0.0,3785282.0,0.0,False,Compliant,26.39
201,1968,0.0,3,100734,26731,74003,Office,97.19999695,9788717.0,0.0,9788716.0,0.0,False,Compliant,68.24
202,1981,1.0,4,77662,18504,59158,"Office, Parking",80.59999847,5007401.0,0.0,4286102.0,721298.0,False,Compliant,68.19
203,1978,1.0,12,234000,21790,212210,"Financial Office, Laboratory, Office, Parking",89.40000153,18661606.0,0.0,18246151.0,415452.0,False,Compliant,149.27
204,1989,1.0,25,369996,0,369996,"Office, Parking",64.5,24755086.0,0.0,24755084.0,0.0,False,Compliant,172.58
205,1925,1.0,10,693450,0,693450,"Office, Retail Store",57.79999924,40062888.0,21230.80078,37497068.0,2544584.0,False,Compliant,398.19
206,1976,1.0,33,791396,0,791396,"Lifestyle Center, Office, Other, Parking, Restaurant",60.29999924,40847752.0,0.0,40839637.0,538251.0,False,Compliant,313.3
207,2000,1.0,23,747747,205076,542671,"Office, Parking, Restaurant",56.20000076,30985420.0,0.0,27883939.0,3101477.0,False,Compliant,359.11
208,1926,1.0,10,63409,7757,55652,"Office, Retail Store",66.90000153,3444270.0,2086424.75,1357845.0,0.0,False,Compliant,170.51
209,1930,1.0,17,204790,30000,174790,"Office, Other - Recreation, Parking, Retail Store",44.5,7739699.0,0.0,6736076.0,1003622.0,False,Compliant,100.26
210,1916,1.0,5,73399,0,73399,"Office, Retail Store",61.09999847,3757006.0,0.0,3757005.0,0.0,False,Compliant,26.19
211,1969,1.0,20,265851,32334,233517,"Office, Parking",64.59999847,14633233.0,6568832.0,8064399.0,0.0,False,Compliant,563.25
212,2009,1.0,25,758043,228668,529375,"Office, Parking",46.40000153,27018020.0,0.0,26131643.0,886373.0,False,Compliant,229.25
213,1968,1.0,12,206000,0,206000,"Office, Parking",53.29999924,8580279.0,2312496.75,6267781.0,0.0,False,Compliant,222.19
214,2009,1.0,36,824887,154972,669915,"Office, Parking",53.20000076,39523852.0,0.0,39523847.0,0.0,False,Compliant,275.54
215,1990,1.0,16,480840,141600,339240,"Fitness Center/Health Club/Gym, Office, Other, Parking, Restaurant",52.70000076,17867002.0,0.0,17733276.0,133724.0,False,Compliant,130.73
216,1900,1.0,7,89550,0,89550,"Office, Retail Store, Social/Meeting Hall",47.70000076,3903259.75,348386.8125,3554872.0,0.0,False,Compliant,51.67
217,1900,1.0,6,89355,0,89355,"Office, Retail Store",46.79999924,4178233.5,0.0,4116601.0,61632.0,False,Compliant,31.97
218,1922,1.0,15,388934,0,388934,Office,47.79999924,18576900.0,1192343.75,17384553.0,0.0,False,Compliant,213.23
219,1929,1.0,22,384302,0,384302,"Convenience Store without Gas Station, Food Service, Office",28.39999962,10062436.0,0.0,10062435.0,0.0,False,Compliant,70.15
220,1958,1.0,17,378525,84600,293925,"Office, Parking",105.1999969,24906132.0,10921066.0,13985064.0,0.0,False,Compliant,940.47
221,1983,1.0,47,1323055,0,1323055,"Office, Parking, Restaurant",42.59999847,44683660.0,0.0,44521844.0,161812.0,False,Compliant,318.97
222,1986,1.0,41,589921,129432,460489,"Office, Parking, Pre-school/Daycare",51.20000076,24603420.0,0.0,24603417.0,0.0,False,Compliant,171.52
223,1950,1.0,6,91091,1392,89699,"Office, Parking",20.5,1835804.875,480784.0,1355021.0,0.0,False,Compliant,46.56
224,1968,1.0,8,157941,62993,94948,"Office, Parking",44.09999847,3743228.5,0.0,3743228.0,0.0,False,Compliant,26.1
225,1991,1.0,29,635303,197231,438072,"Office, Parking",34.90000153,18221224.0,180731.7969,18040489.0,0.0,False,Compliant,139.72
226,1958,1.0,6,172842,25920,146922,"Data Center, Office, Parking",297.3999939,41399504.0,0.0,39794668.0,1604831.0,False,Non-Compliant,362.66
227,1980,1.0,34,776762,162604,614158,"Office, Parking",53.70000076,32552428.0,0.0,32457349.0,95076.0,False,Compliant,231.32
228,1972,1.0,14,186768,23775,162993,"Data Center, Office, Parking",52.70000076,9641043.0,2154977.5,7486064.0,0.0,False,Compliant,218.53
229,1969,1.0,49,1123435,368980,754455,"Financial Office, Food Sales, Office, Other, Parking",52.70000076,45163308.0,0.0,38378889.0,6784415.0,False,Compliant,627.87
230,2002,1.0,37,1052469,164420,888049,"Convenience Store without Gas Station, Data Center, Financial Office, Fitness Center/Health Club/Gym, Office, Other, Parking, Personal Services (Health/Beauty, Dry Cleaning, etc), Restaurant",46.29999924,41213584.0,0.0,41213579.0,0.0,False,Compliant,287.32
231,1973,1.0,42,617684,171500,446184,"Financial Office, Office, Parking, Retail Store",115.9000015,69519808.0,882983.5,68636822.0,0.0,False,Compliant,546.65
232,1907,1.0,8,201480,0,201480,"Non-Refrigerated Warehouse, Office, Retail Store",44.29999924,8921778.0,1619966.875,7301810.0,0.0,False,Compliant,175.95
233,1990,1.0,63,1354987,159600,1195387,"Office, Parking",50.40000153,61576184.0,0.0,61576180.0,0.0,False,Compliant,429.27
234,2001,1.0,14,310490,0,310490,"Data Center, Office, Other",71.0,21169502.0,0.0,16124036.0,5045465.0,False,Compliant,380.37
235,2003,1.0,8,199530,30660,168870,"Office, Other, Parking, Restaurant",73.19999695,13214416.0,0.0,8738965.0,4475451.0,False,Compliant,298.61
236,2006,1.0,13,372242,52703,319539,"Office, Parking",43.29999924,13843866.0,0.0,11248986.0,2594878.0,False,Compliant,216.24
237,1909,1.0,7,114395,8296,106099,Office,28.39999962,2746560.75,0.0,1640689.0,1105871.0,False,Compliant,70.17
238,1978,1.0,2,89200,0,89200,Retail Store,72.40000153,6461937.0,0.0,5499125.0,962811.0,False,Compliant,89.47
239,1971,1.0,23,474546,0,474546,Office,60.0,28450436.0,0.0,28450433.0,0.0,False,Compliant,198.34
240,1969,1.0,5,36000,0,36000,Data Center,834.4000244,30038490.0,0.0,30038487.0,0.0,False,Compliant,209.41
241,1961,0.0,5,99005,0,99005,Office,59.40000153,4728488.5,0.0,2863212.0,1865277.0,False,Compliant,119.03
242,2002,1.0,6,135051,44248,90803,"Office, Parking",46.09999847,4426136.0,0.0,4426136.0,0.0,False,Compliant,30.86
243,2002,1.0,5,220649,82720,137929,"Office, Parking",48.29999924,7046345.5,0.0,7046345.0,0.0,False,Compliant,49.12
244,1964,1.0,5,93660,0,93660,Self-Storage Facility,9.300000191,873221.875,0.0,873222.0,0.0,False,Compliant,6.09
245,1980,1.0,18,413715,64660,349055,"Office, Parking",69.59999847,24224888.0,0.0,24224886.0,0.0,False,Compliant,168.88
246,2000,1.0,11,381381,195621,185760,"Fitness Center/Health Club/Gym, Office, Parking",48.40000153,9765777.0,0.0,9671822.0,93954.0,False,Compliant,72.42
247,1988,1.0,20,497513,118744,378769,"Office, Parking",73.0,26823218.0,0.0,26602310.0,220905.0,False,Compliant,197.19
248,1979,1.0,24,543876,116721,427155,"Office, Parking",59.70000076,25307744.0,0.0,25307741.0,0.0,False,Compliant,176.43
249,1980,1.0,4,109347,38700,70647,"Laboratory, Office, Parking",116.3000031,8218155.5,0.0,7484659.0,733496.0,False,Compliant,91.13
250,1982,1.0,6,396626,124216,272410,"Office, Parking",74.30000305,20361158.0,0.0,20361156.0,0.0,False,Compliant,141.95
251,2002,1.0,6,287471,83591,203880,"Office, Other, Other - Restaurant/Bar, Parking",74.90000153,14913424.0,0.0,14913422.0,0.0,False,Compliant,103.97
252,1947,1.0,3,192630,48512,144118,"Office, Parking",36.70000076,5357833.0,0.0,5169641.0,188191.0,False,Compliant,46.03
253,1984,1.0,8,253103,61986,191117,"Laboratory, Office, Other, Parking",161.1999969,29949248.0,0.0,29949243.0,0.0,False,Compliant,208.79
254,1956,1.0,1,60880,0,60880,Supermarket/Grocery Store,231.8000031,14293972.0,0.0,8125218.0,6168753.0,False,Compliant,384.27
255,1900,1.0,5,50176,0,50176,"Office, Other, Restaurant",46.59999847,2933288.75,0.0,2836654.0,96634.0,False,Compliant,24.91
256,1912,1.0,42,304346,0,304346,"Office, Other - Restaurant/Bar, Retail Store, Single Family Home",88.40000153,23262244.0,1014422.375,11239744.0,11008077.0,False,Compliant,741.3
257,1977,1.0,1,128800,0,128800,"Non-Refrigerated Warehouse, Other",14.0,1809101.5,0.0,371850.0,1437252.0,False,Compliant,78.92
258,1927,1.0,8,321945,0,321945,"Office, Performing Arts, Retail Store",60.40000153,13656587.0,3700629.75,9955956.0,0.0,False,Compliant,355.05
259,1964,1.0,22,336330,0,336330,"Office, Other - Restaurant/Bar, Parking",71.90000153,18967014.0,5370612.0,13134207.0,462194.0,False,Compliant,530.66
260,1960,1.0,21,298426,0,298426,"Office, Other - Education, Parking",90.69999695,27076922.0,12760971.0,14315950.0,0.0,False,Compliant,1084.79
261,1976,1.0,42,635824,0,635824,"Financial Office, Office, Other, Parking, Restaurant",62.90000153,48479988.0,0.0,48479982.0,0.0,False,Compliant,337.97
262,1923,1.0,12,542305,0,542305,"Hotel, Swimming Pool",104.1999969,56485204.0,28438884.0,24078107.0,3968211.0,False,Compliant,2573.75
263,1980,1.0,2,291940,0,291940,"Office, Retail Store",40.0,11688601.0,0.0,9933861.0,1754739.0,False,Compliant,162.45
264,1970,0.0,1,88400,0,88400,"Distribution Center, Non-Refrigerated Warehouse, Office",48.29999924,4383100.5,0.0,2530658.0,1852442.0,False,Compliant,116.03
265,1960,1.0,1,52311,0,52311,Non-Refrigerated Warehouse,18.20000076,930611.875,0.0,16765.0,913847.0,False,Compliant,48.65
266,2009,1.0,5,141131,69710,71421,"Office, Parking, Personal Services (Health/Beauty, Dry Cleaning, etc)",43.09999847,3085814.0,0.0,3085813.0,0.0,False,Compliant,21.51
267,2001,1.0,5,176532,70067,106465,"Office, Parking",56.09999847,5803409.0,0.0,5803409.0,0.0,False,Compliant,40.46
268,1973,1.0,1,52500,0,52500,"Non-Refrigerated Warehouse, Office",72.19999695,3989399.0,0.0,3064777.0,924621.0,False,Compliant,70.47
269,1959,1.0,2,57300,0,57300,"Non-Refrigerated Warehouse, Office",79.59999847,4560492.0,0.0,1853914.0,2706578.0,False,Compliant,156.67
270,1916,1.0,6,350310,0,350310,"College/University, Office, Restaurant",53.29999924,18102026.0,0.0,15974366.0,2127656.0,False,Compliant,224.36
271,1988,1.0,55,1400000,285000,1115000,"Office, Other, Parking, Restaurant",46.70000076,53079164.0,2179487.75,49472833.0,1426840.0,False,Compliant,588.9
272,1930,1.0,21,305548,0,305548,Hotel,108.8000031,33729336.0,16284570.0,14578058.0,2866705.0,False,Compliant,1510.85
273,1989,1.0,46,1536606,512608,1023998,"Financial Office, Office, Other, Parking, Restaurant, Retail Store",51.90000153,56606136.0,0.0,53668061.0,2938070.0,False,Compliant,530.18
274,1958,1.0,10,135918,0,135918,Office,44.40000153,6423556.5,2121203.0,4302353.0,0.0,False,Compliant,193.72
275,1914,1.0,4,79957,0,79957,"Office, Retail Store",80.30000305,5252131.0,0.0,5252130.0,0.0,False,Compliant,36.61
276,1921,1.0,4,127268,0,127268,"Non-Refrigerated Warehouse, Office, Retail Store",63.5,7711757.5,714523.6875,6039805.0,957428.0,True,Error - Correct Default Data,148.11
277,1983,1.0,29,500000,0,500000,"Office, Parking, Retail Store",44.29999924,18848780.0,0.0,18848777.0,0.0,False,Compliant,131.4
278,1926,0.0,10,132326,0,132326,"Office, Other, Retail Store",52.70000076,6029020.0,328247.0938,5698221.0,2551.0,False,Compliant,65.2
279,1984,1.0,6,109830,13200,96630,"Office, Other, Parking, Retail Store",87.90000153,7335905.5,0.0,7335905.0,0.0,False,Compliant,51.14
280,1973,0.0,19,332067,59280,272787,Hotel,113.8000031,37785552.0,15586014.0,19800542.0,2398995.0,False,Compliant,1468.5
281,1910,1.0,10,130513,0,130513,"Office, Restaurant, Retail Store",89.30000305,11651200.0,631029.0,6846996.0,4173175.0,False,Compliant,318.08
282,1920,1.0,8,60660,0,60660,"Office, Retail Store",55.29999924,2586116.0,0.0,2586116.0,0.0,False,Compliant,18.03
283,1929,1.0,14,137350,0,137350,Office,51.09999847,6366084.5,2258855.25,4107229.0,0.0,False,Compliant,202.99
284,1929,1.0,15,151039,0,151039,Office,43.40000153,5446624.0,2850077.75,2596546.0,0.0,False,Compliant,238.09
285,1985,1.0,30,755000,134662,620338,"Bank Branch, Office, Other, Parking, Restaurant",78.09999847,52226204.0,519390.0,43199963.0,8506844.0,False,Compliant,793.05
286,1906,1.0,4,63540,0,63540,Office,62.0,3518459.5,0.0,2428286.0,1090173.0,False,Compliant,74.83
287,1927,1.0,10,130893,0,130893,"Medical Office, Office, Supermarket/Grocery Store",57.20000076,6962073.0,0.0,6962072.0,0.0,False,Compliant,48.54
288,1910,1.0,5,79920,0,79920,"Office, Other, Retail Store",37.70000076,3009463.75,0.0,3009464.0,0.0,False,Compliant,20.98
289,1908,1.0,4,137400,0,137400,"Food Sales, Multifamily Housing, Office, Other - Education, Other - Restaurant/Bar, Pre-school/Daycare, Restaurant, Retail Store, Supermarket/Grocery Store",122.8000031,14940504.0,0.0,10344729.0,4595774.0,False,Compliant,316.2
290,1996,1.0,6,147852,86429,61423,"Office, Other - Restaurant/Bar, Parking, Retail Store",157.5,9671619.0,0.0,7122619.0,2548999.0,False,Compliant,185.03
291,1996,0.0,4,267335,166960,100375,"Movie Theater, Other - Restaurant/Bar, Parking",74.69999695,7273155.5,0.0,5169902.0,2103253.0,False,Compliant,147.75
292,1989,1.0,56,1605578,389860,1215718,"Office, Other, Parking",36.79999924,49517704.0,915654.875,46081813.0,2520230.0,False,Compliant,525.78
293,1980,1.0,36,794592,0,794592,"Office, Other, Parking",35.20000076,26689658.0,0.0,26031451.0,658204.0,False,Compliant,216.43
294,1971,1.0,21,456304,93204,363100,"Office, Parking",56.59999847,19397324.0,0.0,19397322.0,0.0,False,Compliant,135.23
295,1986,1.0,12,115857,15140,100717,"Office, Parking, Restaurant",45.20000076,4757299.5,0.0,4757299.0,0.0,False,Compliant,33.17
296,1999,1.0,4,87500,17500,70000,"Office, Other",63.40000153,4549892.0,0.0,4549891.0,0.0,False,Compliant,31.72
297,1998,1.0,11,374405,184776,189629,"Laboratory, Office",69.09999847,13329024.0,0.0,13329022.0,0.0,False,Compliant,92.92
298,1985,1.0,12,193500,38000,155500,Other,98.40000153,14436982.0,0.0,14436981.0,0.0,False,Compliant,100.65
299,1923,1.0,11,102846,0,102846,"Office, Retail Store",52.5,5327249.5,3480880.75,1846369.0,0.0,False,Compliant,281.55
300,1925,1.0,4,52800,0,52800,"Office, Restaurant",46.90000153,2429021.0,0.0,1831932.0,597088.0,False,Compliant,44.48
301,1913,3.0,10,258497,0,258497,"Data Center, Office, Parking, Restaurant, Retail Store",77.30000305,20779796.0,3902781.25,16877013.0,0.0,False,Compliant,418.9
302,1929,1.0,8,861702,0,861702,"Other, Retail Store",19.89999962,17666646.0,2927935.25,14736955.0,1753.0,False,Compliant,328.83
303,1999,1.0,5,206950,97400,109550,Other,93.19999695,19295226.0,1631750.25,17663475.0,0.0,False,Compliant,249.09
304,1990,1.0,6,1400000,0,1400000,"Convention Center, Parking",,0.0,0.0,0.0,0.0,False,Non-Compliant,0.0
305,1988,1.0,9,46710,0,46710,Urgent Care/Clinic/Other Outpatient,89.30000305,4169431.5,1447314.625,2722116.0,0.0,False,Compliant,130.69
306,1945,1.0,3,266000,104000,162000,"Medical Office, Parking",85.90000153,13911761.0,476741.8125,11902958.0,1532059.0,False,Compliant,201.15
307,1992,1.0,14,690158,407795,282363,"Medical Office, Parking",78.19999695,21156670.0,0.0,21156669.0,0.0,False,Compliant,147.49
308,2001,1.0,6,378443,177660,200783,"Data Center, Office, Parking, Performing Arts, Restaurant, Retail Store",283.7000122,55073120.0,0.0,53506520.0,1566594.0,False,Compliant,456.22
309,2001,1.0,6,213834,104922,108912,"Data Center, Financial Office, Office, Other, Parking, Restaurant",707.2999878,75073888.0,0.0,74917352.0,156525.0,False,Compliant,530.59
310,1979,1.0,5,109017,29409,79608,Hotel,86.90000153,9474745.0,0.0,5625395.0,3849350.0,False,Compliant,243.66
311,1981,1.0,5,275734,38452,237282,"Office, Parking",71.69999695,16373232.0,0.0,16373229.0,0.0,False,Compliant,114.14
312,2001,1.0,1,123061,0,123061,Non-Refrigerated Warehouse,16.20000076,1987934.625,0.0,1987934.0,0.0,False,Compliant,13.86
313,1963,1.0,1,59090,0,59090,"Distribution Center, Office",46.59999847,2756214.75,0.0,634386.0,2121829.0,False,Compliant,117.11
314,1963,1.0,1,106000,0,106000,Non-Refrigerated Warehouse,7.199999809,763364.5,0.0,763364.0,0.0,False,Compliant,5.32
315,1962,1.0,3,158600,38400,120200,"Laboratory, Office, Parking",125.5999985,18309150.0,0.0,15941028.0,2368120.0,False,Compliant,236.9
316,1960,1.0,1,119661,0,119661,Distribution Center,6.5,775729.1875,0.0,774965.0,764.0,False,Compliant,5.44
317,2001,1.0,7,139200,44728,94472,Office,52.90000153,4342597.0,0.0,4342597.0,0.0,False,Compliant,30.27
318,1984,1.0,6,95721,33921,61800,"Office, Parking",32.0,3063504.5,0.0,3063504.0,0.0,False,Compliant,21.36
319,1996,2.0,5,213283,115228,98055,"Office, Parking",53.59999847,5661689.5,0.0,5661689.0,0.0,False,Compliant,39.47
320,2001,1.0,3,103697,47656,56041,Office,179.1000061,11319836.0,0.0,4904243.0,6415592.0,False,Compliant,374.92
321,1974,1.0,5,74880,0,74880,"Office, Parking",71.59999847,5134607.5,0.0,5134607.0,0.0,False,Compliant,35.8
322,1979,1.0,6,88774,0,88774,"Office, Parking",70.59999847,6029121.5,0.0,6029121.0,0.0,False,Compliant,42.03
323,1983,1.0,5,122250,0,122250,"Adult Education, Bank Branch, Office, Parking",43.5,5535626.0,0.0,5535625.0,0.0,False,Compliant,38.59
324,1979,1.0,4,53730,0,53730,"Office, Parking",88.30000305,4742869.0,0.0,4742869.0,0.0,False,Compliant,33.06
325,1960,1.0,3,55593,0,55593,Office,76.0,4224872.5,0.0,2842549.0,1382323.0,False,Compliant,93.23
326,1982,1.0,4,134056,60960,73096,"Office, Parking",65.19999695,4695139.0,0.0,4695138.0,0.0,False,Compliant,32.73
327,2005,1.0,1,158415,0,158415,Retail Store,141.3999939,22394416.0,0.0,15927634.0,6466780.0,False,Compliant,454.49
328,1929,1.0,8,287819,0,287819,"Data Center, Office, Other, Restaurant",176.0,48406556.0,0.0,48155040.0,251511.0,False,Compliant,349.07
329,1975,1.0,8,158738,0,158738,Urgent Care/Clinic/Other Outpatient,389.1000061,61762380.0,5650343.5,46528618.0,9571816.0,False,Compliant,1268.87
330,1985,1.0,4,86995,28800,58195,"Office, Parking",51.40000153,2991674.75,0.0,2991674.0,0.0,False,Compliant,20.86
331,1999,1.0,1,164437,0,164437,"Parking, Retail Store, Supermarket/Grocery Store",104.0,18390344.0,0.0,14099499.0,4290843.0,False,Compliant,326.18
332,2009,1.0,5,184482,66234,118248,"Office, Other, Parking",47.40000153,5671256.0,0.0,5651060.0,20195.0,False,Compliant,40.47
333,1928,1.0,3,55200,0,55200,"Data Center, Laboratory",210.0,11594121.0,0.0,7500378.0,4093742.0,False,Compliant,269.71
334,2003,1.0,4,241159,111793,129366,Laboratory,191.3999939,33713876.0,0.0,20388923.0,13324952.0,False,Compliant,849.83
335,2004,1.0,6,139282,52582,86700,"Financial Office, Food Service, Office, Other, Parking",37.29999924,3238216.0,0.0,3238216.0,0.0,False,Compliant,22.57
336,2009,1.0,5,271071,98700,172371,"Medical Office, Office, Parking",42.40000153,7851334.5,0.0,7695280.0,156054.0,False,Compliant,61.93
337,1914,1.0,5,127800,0,127800,Non-Refrigerated Warehouse,21.70000076,2767491.0,0.0,2545590.0,221900.0,False,Compliant,29.53
338,2002,1.0,5,560516,206597,353919,"Office, Parking",80.80000305,30083496.0,0.0,20922584.0,9160910.0,False,Compliant,632.4
339,2001,1.0,6,226592,95000,131592,"Office, Parking",90.90000153,11963428.0,0.0,11719809.0,243618.0,False,Compliant,94.64
340,1997,1.0,5,535947,0,535947,"Other, Parking",245.1000061,131373880.0,0.0,64627449.0,66746425.0,False,Compliant,3995.45
341,2003,1.0,5,159700,50654,109046,"Office, Other, Parking, Retail Store",270.3999939,31371618.0,0.0,20355803.0,11015812.0,False,Compliant,726.96
342,2006,1.0,4,209816,73673,136143,"Fitness Center/Health Club/Gym, Office, Parking, Restaurant",51.0,6917478.5,0.0,5303806.0,1613672.0,False,Compliant,122.68
343,2006,1.0,6,303103,109905,193198,"Bank Branch, Office, Parking",40.70000076,7519466.5,0.0,7147457.0,372009.0,False,Compliant,69.59
344,1954,1.0,3,67380,0,67380,"Non-Refrigerated Warehouse, Office, Other, Other - Entertainment/Public Assembly, Parking",42.09999847,2755829.0,0.0,1566221.0,1189608.0,False,Compliant,74.1
345,1963,1.0,4,102235,0,102235,Laboratory,236.5,24395228.0,0.0,15355254.0,9039972.0,False,Compliant,587.16
346,2008,1.0,5,436497,153684,282813,"Laboratory, Office, Parking",171.1999969,45252356.0,0.0,29992691.0,15259662.0,False,Compliant,1019.53
347,1974,1.0,5,88062,20826,67236,"Office, Parking",52.70000076,3415561.25,0.0,3415561.0,0.0,False,Compliant,23.81
348,1972,1.0,5,87178,20416,66762,"Office, Parking",54.5,3632613.75,0.0,3632614.0,0.0,False,Compliant,25.32
349,1970,1.0,5,87178,20416,66762,"Office, Parking",52.29999924,3493093.75,0.0,3493093.0,0.0,False,Compliant,24.35
350,1971,1.0,5,88000,21600,66400,"Office, Parking",50.0,3484915.5,0.0,3484915.0,0.0,False,Compliant,24.29
351,1988,1.0,4,196749,88405,108344,"Medical Office, Parking",176.8999939,19165116.0,0.0,11703547.0,7461566.0,False,Compliant,477.87
352,1994,1.0,4,191276,95281,95995,Medical Office,87.69999695,8422861.0,0.0,8005293.0,417567.0,False,Compliant,77.99
353,1946,2.0,2,111445,0,111445,"Fitness Center/Health Club/Gym, Office, Other - Education, Other - Recreation, Other - Restaurant/Bar, Outpatient Rehabilitation/Physical Therapy, Personal Services (Health/Beauty, Dry Cleaning, etc), Restaurant, Retail Store, Self-Storage Facility, Vocat",47.79999924,5697472.5,0.0,3007514.0,2689958.0,False,Compliant,163.83
354,1997,1.0,4,98475,0,98475,Non-Refrigerated Warehouse,11.10000038,1090496.625,0.0,768997.0,321500.0,False,Compliant,22.44
355,2000,1.0,7,351530,150455,201075,Hospital (General Medical & Surgical),198.1000061,42709624.0,0.0,26781892.0,15927728.0,False,Compliant,1032.63
356,1995,1.0,2,308965,187878,121087,"Parking, Supermarket/Grocery Store",119.9000015,14512786.0,0.0,10680826.0,3831959.0,False,Compliant,277.98
357,2008,1.0,1,63225,0,63225,Supermarket/Grocery Store,103.1999969,6522551.5,0.0,6522551.0,0.0,False,Compliant,45.47
358,1955,0.0,1,113780,0,113780,"Office, Other - Services",31.39999962,3574542.25,0.0,1470885.0,2103657.0,False,Compliant,121.98
359,1999,1.0,1,243044,0,243044,Non-Refrigerated Warehouse,4.300000191,1396082.25,0.0,700977.0,695105.0,False,Compliant,41.8
360,2001,1.0,3,280252,156312,123940,"Office, Parking, Retail Store",93.0,11521702.0,0.0,11521701.0,0.0,False,Compliant,80.32
361,1952,1.0,3,66462,12998,53464,"Other, Parking",95.5,6876439.5,0.0,6876438.0,0.0,False,Compliant,47.94
362,1997,1.0,1,131387,0,131387,Retail Store,81.30000305,8773058.0,0.0,7704514.0,1068542.0,False,Compliant,110.46
363,1999,1.0,3,94400,0,94400,Non-Refrigerated Warehouse,11.69999981,784364.5,0.0,680865.0,103500.0,False,Compliant,10.24
364,1964,6.0,1,111900,0,111900,"Parking, Strip Mall",79.0,9814820.0,0.0,6390148.0,3424670.0,False,Compliant,226.43
365,1984,0.0,1,144776,0,144776,Wholesale Club/Supercenter,92.69999695,13424079.0,0.0,10307295.0,3116783.0,False,Compliant,237.39
366,1967,1.0,1,114000,0,114000,"Retail Store, Supermarket/Grocery Store",150.8999939,17225444.0,0.0,7836595.0,9388848.0,False,Compliant,553.27
367,1997,1.0,1,50083,0,50083,"Parking, Supermarket/Grocery Store",173.0,8663691.0,0.0,6528390.0,2135300.0,False,Compliant,158.92
368,1988,1.0,3,124071,28645,95426,Office,51.70000076,4991360.5,0.0,4989211.0,2149.0,False,Compliant,34.9
369,2000,1.0,4,90000,36528,53472,Office,43.29999924,3897738.0,0.0,3897737.0,0.0,False,Compliant,27.17
370,2001,1.0,3,96041,33709,62332,"Office, Parking",87.0,5413418.0,0.0,5413417.0,0.0,False,Compliant,37.74
371,1999,1.0,3,280957,114829,166128,"Data Center, Office, Parking, Restaurant",68.69999695,11325513.0,0.0,10986553.0,336610.0,False,Compliant,94.47
372,1999,1.0,4,243334,103032,140302,"Office, Parking",62.20000076,8651835.0,0.0,8116657.0,535178.0,False,Compliant,85.01
373,1991,1.0,6,154660,0,154660,"Data Center, Library, Non-Refrigerated Warehouse, Office, Other - Entertainment/Public Assembly, Other - Recreation, Other - Services, Restaurant, Social/Meeting Hall",209.3000031,52960796.0,17548416.0,34936812.0,475560.0,False,Compliant,1623.34
374,1982,1.0,5,390295,121375,268920,"Office, Parking",31.60000038,7683885.0,0.0,7683884.0,0.0,False,Compliant,53.57
375,1967,1.0,2,90000,0,90000,"Non-Refrigerated Warehouse, Office",15.89999962,1429146.375,0.0,1272922.0,156224.0,False,Compliant,17.17
376,1966,1.0,1,50200,0,50200,Retail Store,20.89999962,1047461.0,0.0,507461.0,540000.0,False,Compliant,32.22
377,1925,1.0,6,94033,6200,87833,"Multifamily Housing, Non-Refrigerated Warehouse, Office, Parking, Retail Store",56.59999847,4758198.0,0.0,2871051.0,1887147.0,False,Compliant,120.24
378,1941,1.0,2,63240,0,63240,Non-Refrigerated Warehouse,3.599999905,227566.7031,0.0,85409.0,142158.0,False,Compliant,8.15
379,2008,1.0,5,322869,182454,140415,"Parking, Retail Store",130.6999969,17085344.0,0.0,10708106.0,6377238.0,False,Compliant,413.35
380,1988,1.0,4,130293,23400,106893,"Parking, Self-Storage Facility",3.599999905,465533.3125,0.0,465533.0,0.0,False,Compliant,3.25
381,1997,1.0,4,106041,0,106041,Non-Refrigerated Warehouse,10.60000038,1123943.0,0.0,739343.0,384600.0,False,Compliant,25.58
382,1956,1.0,3,94470,0,94470,Self-Storage Facility,10.60000038,1000796.875,0.0,432859.0,567938.0,False,Compliant,33.18
383,2002,1.0,10,181694,38186,143508,"Office, Other, Parking",49.90000153,7637986.0,0.0,7637985.0,0.0,False,Compliant,53.25
384,1987,1.0,2,69492,0,69492,Retail Store,4.599999905,318962.8125,0.0,318963.0,0.0,False,Non-Compliant,2.22
385,1966,1.0,1,22780,0,22780,Non-Refrigerated Warehouse,17.60000038,402051.3125,0.0,402051.0,0.0,False,Compliant,2.8
386,1967,1.0,1,124472,0,124472,"Distribution Center, Parking",43.90000153,5464762.0,0.0,1145957.0,4318805.0,False,Compliant,237.36
387,1970,1.0,22,227556,98556,129000,"Office, Parking",37.29999924,8493420.0,0.0,8493419.0,0.0,False,Compliant,59.21
388,1967,1.0,1,50065,0,50065,"Distribution Center, Parking",30.60000038,1529510.25,0.0,836261.0,693249.0,False,Compliant,42.65
389,1969,1.0,1,57540,0,57540,Distribution Center,44.90000153,2582687.0,0.0,1310981.0,1271706.0,False,Compliant,76.68
390,1966,1.0,1,85400,0,85400,Non-Refrigerated Warehouse,18.0,1536998.25,0.0,1536998.0,0.0,False,Compliant,10.72
391,1966,1.0,1,55700,0,55700,Non-Refrigerated Warehouse,9.300000191,519806.0938,0.0,519806.0,0.0,False,Compliant,3.62
392,1964,1.0,1,53250,0,53250,"Office, Parking",34.0,1794187.25,0.0,1048173.0,746014.0,False,Compliant,46.93
393,1987,1.0,6,78672,28427,50245,Office,27.70000076,2179719.75,0.0,1888502.0,291217.0,False,Compliant,28.63
394,1986,1.0,3,64660,0,64660,Non-Refrigerated Warehouse,5.0,325513.0,0.0,237813.0,87700.0,False,Compliant,6.32
395,1927,1.0,2,75844,19928,55916,"Office, Other, Parking",64.80000305,3684188.5,0.0,3406851.0,277337.0,False,Compliant,38.48
396,1968,1.0,1,161678,0,161678,Distribution Center,57.59999847,9357230.0,0.0,6332002.0,3025227.0,False,Compliant,204.81
397,1949,1.0,1,101101,0,101101,Distribution Center,215.6000061,21795830.0,0.0,21779250.0,16577.0,False,Compliant,152.71
398,1980,1.0,1,52613,0,52613,Distribution Center,17.79999924,1061458.25,0.0,527872.0,533586.0,False,Compliant,32.02
399,1940,1.0,1,56608,0,56608,"Office, Other",89.59999847,5094197.0,0.0,4253264.0,840932.0,False,Compliant,74.31
400,1953,1.0,1,104099,0,104099,"Office, Parking, Refrigerated Warehouse",170.0,17695420.0,0.0,17283711.0,411705.0,False,Compliant,142.36
401,2003,1.0,1,58184,7450,50734,"Parking, Supermarket/Grocery Store",284.5,14715262.0,0.0,7956442.0,6758820.0,False,Compliant,414.43
402,1980,1.0,1,58480,0,58480,Supermarket/Grocery Store,248.8000031,11054535.0,0.0,6817771.0,4236763.0,False,Compliant,272.54
403,2005,1.0,6,336700,124800,211900,"Office, Parking, Retail Store",41.59999847,9058916.0,0.0,7877393.0,0.0,False,Compliant,54.92
404,1996,1.0,4,264008,159994,104014,Retail Store,100.5,9937707.0,0.0,7307906.0,2629800.0,False,Compliant,190.61
405,1914,1.0,2,62220,0,62220,"Office, Other - Services, Parking",87.80000305,5444253.5,0.0,5431426.0,12827.0,False,Compliant,38.55
406,1970,1.0,1,65430,0,65430,"Office, Other",46.20000076,3181045.5,0.0,1705793.0,1475252.0,False,Compliant,90.24
407,2006,1.0,3,102290,42440,59850,"Office, Parking",72.40000153,6062770.5,0.0,5913177.0,149593.0,False,Compliant,49.17
408,1926,1.0,3,80004,0,80004,Other,163.3999939,12232124.0,0.0,12232122.0,0.0,False,Compliant,85.28
409,1991,1.0,2,323916,0,323916,"Non-Refrigerated Warehouse, Office",24.79999924,8024064.5,0.0,3548085.0,4475979.0,False,Compliant,262.45
410,1932,1.0,14,304052,0,304052,"Medical Office, Office, Parking",69.40000153,21027396.0,0.0,18843504.0,2183891.0,False,Compliant,247.35
411,1978,1.0,4,85385,31210,54175,"Data Center, Office, Parking",91.40000153,4855036.5,0.0,4855036.0,0.0,False,Compliant,33.85
412,1989,1.0,2,98024,0,98024,"Distribution Center, Office",20.39999962,1988334.5,0.0,1373037.0,615298.0,False,Compliant,42.25
413,1928,1.0,1,65000,15000,50000,"Office, Other, Parking",86.80000305,2603931.25,0.0,1612547.0,991384.0,False,Compliant,63.89
414,1990,1.0,5,144573,66620,77953,"Office, Parking",65.40000153,5135040.0,0.0,5135039.0,0.0,False,Compliant,35.8
415,1950,1.0,2,302812,0,302812,Retail Store,24.10000038,7290824.5,0.0,5590290.0,1700534.0,False,Compliant,129.29
416,1974,1.0,5,86400,0,86400,Office,116.0999985,9080022.0,0.0,4089680.0,4990341.0,False,Compliant,293.55
417,1969,0.0,2,98539,0,98539,Strip Mall,55.29999924,5450441.5,0.0,5266334.0,184107.0,False,Compliant,46.49
418,1981,1.0,6,86483,0,86483,"Office, Parking",73.59999847,6361236.5,0.0,6361236.0,0.0,False,Compliant,44.35
419,1976,1.0,1,51600,0,51600,"Distribution Center, Office",21.79999924,1124543.125,0.0,815508.0,309035.0,False,Compliant,22.1
420,1968,1.0,1,140520,0,140520,Non-Refrigerated Warehouse,15.80000019,2225512.0,0.0,1310524.0,914988.0,False,Compliant,57.73
421,1986,1.0,5,154029,62380,91649,"Office, Parking",50.59999847,4636396.5,0.0,4060681.0,575715.0,False,Compliant,58.88
422,2005,1.0,3,161789,91935,69854,"Medical Office, Parking",99.69999695,6963616.5,0.0,6947606.0,16010.0,False,Compliant,49.28
423,2005,1.0,3,63909,0,63909,"Medical Office, Retail Store",74.59999847,4765753.5,0.0,4765753.0,0.0,False,Compliant,33.22
424,1948,1.0,2,53472,0,53472,"Non-Refrigerated Warehouse, Office",17.10000038,971155.625,0.0,381025.0,590131.0,False,Compliant,34.0
425,1980,1.0,1,50417,0,50417,Non-Refrigerated Warehouse,36.59999847,1847401.0,0.0,855017.0,992384.0,False,Compliant,58.67
426,1900,1.0,1,43728,0,43728,Restaurant,263.2000122,11508035.0,0.0,0.0,11508035.0,False,Compliant,611.19
427,1961,1.0,3,133298,0,133298,Medical Office,117.3000031,15640994.0,0.0,11600182.0,4040810.0,False,Compliant,295.48
428,1965,1.0,2,168619,0,168619,Retail Store,37.29999924,6455828.5,0.0,5456882.0,998946.0,False,Compliant,91.1
429,2002,0.0,5,251827,113318,138509,"Laboratory, Office, Parking",280.3999939,47102428.0,0.0,29154854.0,17947572.0,False,Compliant,1156.45
430,2000,1.0,4,175885,71385,104500,"Office, Parking",62.40000153,6486377.5,0.0,6486377.0,0.0,False,Compliant,45.22
431,1969,1.0,2,104786,0,104786,Non-Refrigerated Warehouse,9.800000191,1028376.875,0.0,666718.0,361659.0,False,Compliant,23.86
432,2000,1.0,1,53040,41600,11440,Other,34.40000153,1770027.5,0.0,955967.0,814060.0,False,Compliant,49.9
433,1973,0.0,1,110689,0,110689,Other,21.10000038,2339814.25,0.0,356328.0,1983486.0,False,Compliant,107.83
434,1948,1.0,1,53620,0,53620,Office,38.40000153,2058955.25,0.0,1890584.0,168371.0,False,Compliant,22.12
435,1938,1.0,1,50008,0,50008,Office,64.0,3202213.0,0.0,2270837.0,931375.0,False,Compliant,65.3
436,2009,1.0,4,291176,100176,191000,"Office, Parking",34.20000076,6657348.5,0.0,6585119.0,72228.0,False,Compliant,49.74
437,1957,1.0,1,50832,0,50832,"Non-Refrigerated Warehouse, Office",50.20000076,2551022.25,0.0,613991.0,1937032.0,False,Compliant,107.16
438,1971,1.0,1,76354,0,76354,Refrigerated Warehouse,37.20000076,2843033.5,0.0,2832924.0,10109.0,False,Compliant,20.29
439,1956,1.0,1,98480,0,98480,Non-Refrigerated Warehouse,28.79999924,2831565.5,0.0,2403347.0,428218.0,False,Compliant,39.5
440,1904,1.0,2,53002,0,53002,"Multifamily Housing, Parking, Restaurant, Retail Store",64.40000153,3441643.25,0.0,2574531.0,867112.0,False,Compliant,64.0
441,2008,1.0,3,175918,51218,124700,"Laboratory, Office, Parking",232.3000031,22530168.0,0.0,12047762.0,10482405.0,False,Compliant,640.71
442,1920,1.0,3,169785,63782,106003,"Other, Parking",180.6999969,19155416.0,0.0,13249663.0,5905752.0,False,Compliant,406.02
443,1971,1.0,11,124721,0,124721,"Food Service, Office, Parking, Restaurant",111.4000015,13898181.0,0.0,8069980.0,5828201.0,False,Compliant,365.79
444,1970,1.0,7,94002,0,94002,"Office, Parking",60.29999924,5662234.0,0.0,5662234.0,0.0,False,Compliant,39.47
445,1974,1.0,1,93020,0,93020,Non-Refrigerated Warehouse,13.5,1252323.875,0.0,1252324.0,0.0,False,Compliant,8.73
446,1946,1.0,1,23000,0,23000,"Office, Other",30.89999962,711118.375,0.0,260639.0,450480.0,False,Compliant,25.74
447,2002,1.0,1,61053,0,61053,"Parking, Supermarket/Grocery Store",241.3000031,13133225.0,0.0,8474644.0,4658580.0,False,Compliant,306.5
448,1913,5.0,7,154159,0,154159,Office,58.0,11195917.0,0.0,1608768.0,343050.0,False,Non-Compliant,29.43
449,1904,1.0,5,78920,0,78920,Office,36.0,2830674.75,0.0,2830674.0,0.0,False,Compliant,19.73
450,1906,1.0,7,99440,0,99440,"Office, Retail Store",74.30000305,6606832.5,0.0,4685851.0,1920981.0,False,Compliant,134.69
451,1907,1.0,6,73260,0,73260,Office,44.70000076,2853189.5,0.0,2853189.0,0.0,False,Compliant,19.89
452,1900,1.0,4,69817,0,69817,"Office, Retail Store",35.90000153,2178074.5,771085.1875,1245123.0,161866.0,False,Compliant,76.8
453,1900,1.0,4,84750,0,84750,"Enclosed Mall, Office",29.79999924,2094724.625,0.0,1846842.0,247883.0,False,Compliant,26.04
454,1900,1.0,6,75496,13320,62176,"Office, Restaurant, Retail Store",59.29999924,3570161.75,0.0,3570162.0,0.0,False,Compliant,24.89
455,1900,1.0,4,164380,0,164380,"Office, Retail Store",53.0,7655751.0,399538.3125,6196714.0,1059498.0,False,Compliant,130.31
456,1907,1.0,7,160580,0,160580,Office,27.0,4336187.5,347207.9063,3014081.0,974898.0,False,Compliant,99.59
457,1909,1.0,6,73470,0,73470,"Non-Refrigerated Warehouse, Office, Retail Store",48.59999847,3212269.0,0.0,3212269.0,0.0,True,Error - Correct Default Data,22.39
458,1906,1.0,3,67755,0,67755,"Data Center, Office, Other, Other - Entertainment/Public Assembly",29.10000038,1904480.0,0.0,1904480.0,0.0,False,Compliant,13.28
459,1910,1.0,3,56700,0,56700,"Distribution Center, Non-Refrigerated Warehouse, Office",41.79999924,2371575.0,0.0,2045416.0,326159.0,False,Compliant,31.58
460,1922,1.0,1,82852,0,82852,"Non-Refrigerated Warehouse, Retail Store",26.29999924,2153603.5,0.0,1058065.0,1095539.0,False,Compliant,65.56
461,1953,1.0,2,76442,0,76442,"Distribution Center, Office, Other",52.29999924,3978277.0,0.0,1705403.0,2272874.0,False,Compliant,132.6
462,1962,1.0,2,92792,0,92792,"Distribution Center, Office",31.89999962,3155496.0,0.0,2024573.0,1130923.0,False,Compliant,74.18
463,1941,2.0,2,125519,0,125519,Manufacturing/Industrial Plant,15.69999981,2244317.0,0.0,2244317.0,0.0,False,Compliant,15.65
464,1900,1.0,4,129000,25800,103200,Office,41.70000076,4374646.0,0.0,4374645.0,0.0,False,Compliant,30.5
465,1954,1.0,1,78814,0,78814,Non-Refrigerated Warehouse,10.89999962,861972.875,0.0,635127.0,226846.0,False,Compliant,16.48
466,1904,1.0,4,58970,0,58970,"Multifamily Housing, Non-Refrigerated Warehouse, Office, Parking",30.39999962,1776411.75,0.0,1152375.0,624037.0,False,Compliant,41.18
467,1910,1.0,6,75600,10800,64800,"Distribution Center, Office, Parking",43.70000076,2688675.75,0.0,2688675.0,0.0,False,Compliant,18.74
468,1907,1.0,4,56270,0,56270,"Distribution Center, Non-Refrigerated Warehouse, Office, Retail Store",18.79999924,1056782.125,0.0,1056782.0,0.0,False,Compliant,7.37
469,1904,1.0,4,66842,0,66842,"Office, Retail Store",104.5999985,5608600.5,0.0,3457540.0,2151060.0,False,Compliant,138.35
470,1909,1.0,6,75288,10800,64488,"Office, Parking",44.09999847,2891605.0,0.0,2891229.0,376.0,False,Compliant,20.18
471,1904,1.0,7,184322,0,184322,"Data Center, Office",52.70000076,9722890.0,0.0,9722889.0,0.0,False,Compliant,67.78
472,2009,1.0,7,287853,0,287853,"Office, Retail Store",89.40000153,25567108.0,0.0,25482582.0,84524.0,False,Compliant,182.14
473,1914,1.0,2,64512,0,64512,Office,94.69999695,5968153.5,0.0,2952139.0,3016015.0,False,Compliant,180.76
474,2009,1.0,6,286000,111774,174226,"Distribution Center, Office, Other, Other - Recreation, Parking",366.3999939,63835192.0,0.0,63822136.0,13053.0,False,Compliant,445.62
475,1926,1.0,7,144050,0,144050,Non-Refrigerated Warehouse,27.29999924,3929371.0,0.0,2389825.0,1539546.0,False,Compliant,98.43
476,1930,1.0,3,60592,0,60592,Office,83.59999847,5049446.5,0.0,4788414.0,261032.0,False,Compliant,47.25
477,1912,0.0,6,1380959,0,1380959,"Non-Refrigerated Warehouse, Office, Retail Store",49.29999924,74130576.0,0.0,67760546.0,6370020.0,False,Compliant,810.7
478,1993,1.0,1,107930,0,107930,Retail Store,67.0,7221482.5,0.0,6136093.0,1085388.0,False,Compliant,100.42
479,1926,1.0,1,99084,0,99084,Non-Refrigerated Warehouse,16.29999924,1618110.375,0.0,795088.0,823022.0,False,Compliant,49.25
480,1953,1.0,1,72719,0,72719,Distribution Center,35.5,2581741.75,0.0,2045435.0,536307.0,False,Compliant,42.74
481,1930,0.0,4,76624,0,76624,Office,36.20000076,2773647.5,0.0,2468547.0,305100.0,False,Compliant,33.41
482,2001,1.0,6,91706,36583,55123,"Office, Other, Parking",150.3000031,8570571.0,0.0,8570570.0,0.0,False,Compliant,59.75
483,2008,1.0,5,129093,39902,89191,"Medical Office, Other, Parking",203.1999969,19248732.0,0.0,11800324.0,7448407.0,False,Compliant,477.85
484,1991,1.0,5,138106,16221,121885,"Office, Parking",70.40000153,8381834.5,0.0,8381833.0,0.0,False,Compliant,58.43
485,1973,1.0,1,56572,0,56572,Retail Store,42.59999847,2409429.0,0.0,1315085.0,1094344.0,False,Compliant,67.29
487,2004,1.0,0,225982,0,225982,Medical Office,102.6999969,20560622.0,7815663.0,12744957.0,0.0,False,Compliant,692.12
488,2006,0.0,0,516407,0,516407,"Financial Office, Hotel, Multifamily Housing, Other, Parking, Restaurant, Supermarket/Grocery Store",76.30000305,39403320.0,0.0,29432803.0,9970512.0,False,Compliant,734.72
489,2000,1.0,11,312512,0,312512,"Data Center, Office, Restaurant",82.40000153,25747022.0,0.0,25619164.0,127855.0,False,Compliant,185.39
490,2005,1.0,42,1592914,0,1592914,"Data Center, Financial Office, Office, Parking, Restaurant",45.29999924,56498868.0,986403.1875,55123924.0,388532.0,False,Compliant,481.06
491,1926,1.0,6,97720,0,97720,"Data Center, Office, Retail Store",33.70000076,2478025.25,0.0,2478025.0,0.0,False,Compliant,17.28
492,1985,1.0,10,422503,206580,215923,Medical Office,87.40000153,17254810.0,994154.3125,16260654.0,0.0,False,Compliant,190.1
493,1987,1.0,7,94500,0,94500,Medical Office,50.90000153,5792926.0,0.0,5792925.0,0.0,False,Compliant,40.38
494,2005,0.0,1,94713,0,94713,Retail Store,49.40000153,5417598.0,0.0,4182901.0,1234697.0,False,Compliant,94.74
495,2008,1.0,9,302902,101342,201560,"Medical Office, Parking",73.30000305,14751117.0,0.0,14155468.0,595647.0,False,Compliant,130.32
496,1973,1.0,19,319911,156407,163504,"Medical Office, Parking",88.30000305,15067340.0,3593940.25,11473398.0,0.0,False,Compliant,357.39
497,1900,1.0,6,205521,0,205521,"Office, Retail Store",56.70000076,8138616.5,2068666.75,4325997.0,1743952.0,False,Compliant,282.46
498,1900,1.0,6,56700,0,56700,"Office, Retail Store",54.29999924,3065954.5,0.0,3065954.0,0.0,False,Compliant,21.37
499,1925,1.0,4,72000,0,72000,Office,37.90000153,2729167.75,0.0,2632591.0,96576.0,False,Compliant,23.48
500,2000,1.0,4,191146,94892,96254,"Office, Parking",49.5,5101504.5,0.0,5101504.0,0.0,False,Compliant,35.56
501,2001,1.0,3,68763,11527,57236,"Other - Recreation, Parking, Swimming Pool",180.6000061,9029489.0,0.0,3670762.0,5358726.0,False,Compliant,310.19
502,1994,3.0,1,102133,0,102133,"Parking, Strip Mall",192.8999939,20725996.0,0.0,12356956.0,8369038.0,False,Compliant,530.62
504,2008,1.0,14,362046,0,362046,"Office, Other, Parking",66.59999847,15725581.0,0.0,15566951.0,158627.0,False,Compliant,116.95
506,1994,3.0,2,81336,0,81336,Lifestyle Center,160.8000031,13085297.0,0.0,9206777.0,3878519.0,False,Compliant,270.17
507,2001,1.0,23,538933,0,538933,"Office, Parking",43.70000076,16020642.0,0.0,16020640.0,0.0,False,Compliant,111.69
509,1983,1.0,6,275982,197130,78852,"Office, Parking",66.40000153,5233553.5,0.0,5233553.0,0.0,False,Compliant,36.49
510,1982,1.0,5,98668,0,98668,Office,44.5,4391348.0,0.0,4391348.0,0.0,False,Compliant,30.61
511,2007,1.0,1,158931,28381,130550,"Multifamily Housing, Non-Refrigerated Warehouse, Office, Parking",67.69999695,8751704.0,0.0,7938248.0,813455.0,False,Compliant,98.54
512,1978,1.0,1,105100,0,105100,Office,210.1000061,22078064.0,0.0,17657706.0,4420357.0,False,Compliant,357.86
513,2008,1.0,1,57176,0,57176,"Personal Services (Health/Beauty, Dry Cleaning, etc), Retail Store, Supermarket/Grocery Store",208.8000031,12525174.0,0.0,0.0,0.0,False,Compliant,0.0
514,1978,1.0,1,50660,0,50660,Retail Store,52.5,2661488.0,0.0,1747974.0,913514.0,False,Compliant,60.7
515,1937,1.0,2,61929,0,61929,Office,55.20000076,2203026.5,0.0,1328054.0,874972.0,False,Compliant,55.73
516,2000,1.0,4,165111,55000,110111,"Data Center, Office, Parking",231.3999939,25478086.0,0.0,25478083.0,0.0,False,Compliant,177.62
517,2000,1.0,4,129551,42500,87051,"Data Center, Office, Parking",311.7000122,27137190.0,0.0,27137187.0,0.0,False,Non-Compliant,189.18
518,1925,1.0,3,20565,0,20565,Office,39.0,802312.5,0.0,802312.0,0.0,False,Compliant,5.59
519,2000,1.0,5,159937,55971,103966,"Office, Parking",73.80000305,7857972.5,0.0,7857972.0,0.0,False,Compliant,54.78
520,2008,1.0,5,183964,46763,137201,"Data Center, Office, Parking",108.3000031,14856199.0,0.0,14856198.0,0.0,False,Compliant,103.57
521,1986,1.0,5,208210,78848,129362,"Office, Parking",50.09999847,5514308.5,0.0,3817281.0,1697027.0,False,Compliant,116.74
522,1986,1.0,7,277486,80283,197203,"Office, Other, Parking",65.90000153,12729858.0,0.0,12729856.0,0.0,False,Compliant,88.74
523,1993,1.0,3,187130,0,187130,"Non-Refrigerated Warehouse, Office, Other, Other - Recreation, Other - Services, Restaurant",52.59999847,10053489.0,0.0,10053488.0,0.0,False,Compliant,70.09
524,2000,1.0,5,251044,117867,133177,"Data Center, Office",123.6999969,17186624.0,0.0,17186623.0,0.0,False,Compliant,119.81
525,1912,1.0,5,154330,0,154330,Non-Refrigerated Warehouse,13.19999981,1262235.25,0.0,1262235.0,0.0,False,Compliant,8.8
526,1918,1.0,6,108245,14690,93555,"Adult Education, Fitness Center/Health Club/Gym, Office, Other - Restaurant/Bar, Parking, Retail Store",45.79999924,4515180.5,266262.0,4248918.0,0.0,False,Compliant,50.17
527,1905,1.0,6,167860,0,167860,"Data Center, Office, Retail Store",52.0,6797647.0,0.0,6797646.0,0.0,False,Compliant,47.39
528,1910,1.0,6,112560,0,112560,"Office, Retail Store",51.29999924,4946798.5,0.0,3574020.0,1372778.0,False,Compliant,97.82
529,1910,1.0,6,86204,0,86204,Retail Store,43.5,3241917.0,0.0,2235899.0,1006018.0,False,Compliant,69.02
530,1985,1.0,2,145158,0,145158,"Non-Refrigerated Warehouse, Office, Other",52.29999924,8384523.0,0.0,7062138.0,1322385.0,False,Compliant,119.46
531,1951,1.0,2,112896,0,112896,"Office, Parking",92.90000153,10287986.0,0.0,8429189.0,1858797.0,False,Compliant,157.48
532,1960,1.0,1,110613,0,110613,"Distribution Center, Office",9.199999809,1015060.188,0.0,1015060.0,0.0,False,Compliant,7.08
533,1951,1.0,4,149881,0,149881,"Non-Refrigerated Warehouse, Office",16.10000038,2417401.25,0.0,705059.0,1712342.0,False,Compliant,95.86
534,1951,1.0,3,98220,0,98220,Non-Refrigerated Warehouse,50.0,6468090.0,0.0,5813591.0,654498.0,False,Compliant,75.29
535,1970,1.0,1,84420,0,84420,"Distribution Center, Office, Retail Store",35.0,2848317.25,0.0,2848317.0,0.0,False,Compliant,19.86
536,1961,1.0,1,73335,0,73335,"Distribution Center, Parking",70.90000153,5197118.0,0.0,2606839.0,2590279.0,False,Compliant,155.74
537,1928,1.0,2,56876,0,56876,"Distribution Center, Office, Retail Store",31.5,1791715.625,0.0,1011283.0,780432.0,False,Compliant,48.5
538,1931,1.0,2,61200,0,61200,Non-Refrigerated Warehouse,80.30000305,4912143.0,0.0,1782902.0,3129241.0,False,Compliant,178.62
539,1987,1.0,1,111908,0,111908,Distribution Center,14.30000019,1555420.25,0.0,1050508.0,504912.0,False,Compliant,34.14
540,1986,3.0,2,63644,0,63644,"Other - Public Services, Parking",104.4000015,6858533.5,0.0,4242711.0,2615822.0,False,Compliant,168.5
541,1930,3.0,2,108753,18860,89893,"Multifamily Housing, Non-Refrigerated Warehouse, Office, Parking, Retail Store, Worship Facility",33.5,3639670.25,0.0,3639670.0,0.0,False,Compliant,25.37
542,1970,1.0,1,141890,35545,106345,"Parking, Supermarket/Grocery Store",100.0,16865978.0,0.0,13051820.0,3814156.0,False,Compliant,293.56
543,2001,1.0,4,92092,21055,71037,Office,68.69999695,4817062.0,0.0,4817062.0,0.0,False,Compliant,33.58
544,1974,0.0,3,56259,0,56259,"Non-Refrigerated Warehouse, Office, Retail Store",41.70000076,2346571.5,0.0,817697.0,1528874.0,False,Compliant,86.9
545,2006,1.0,6,143439,0,143439,"Other, Parking",214.3999939,25631512.0,0.0,14100771.0,11530741.0,False,Compliant,710.7
546,2008,1.0,4,202623,88855,113768,"Fitness Center/Health Club/Gym, Office, Parking",79.5,8873485.0,0.0,8873484.0,0.0,False,Compliant,61.86
547,2000,1.0,2,77174,25800,51374,Office,71.0,5481549.0,0.0,5481548.0,0.0,False,Compliant,38.21
548,1998,1.0,5,110524,0,110524,"Office, Other, Parking",63.90000153,6859198.0,0.0,6859197.0,0.0,False,Compliant,47.82
549,2008,1.0,5,287224,103650,183574,"Data Center, Office, Other, Parking",139.8999939,21042926.0,0.0,17407502.0,3635421.0,False,Compliant,314.43
550,1999,1.0,4,115748,18382,97366,Laboratory,374.2000122,36436388.0,0.0,16913185.0,19523202.0,False,Compliant,1154.79
551,2000,1.0,7,241875,84689,157186,"Office, Parking",53.09999847,8655604.0,0.0,8488392.0,167210.0,False,Compliant,68.06
552,1974,1.0,5,102930,18720,84210,"Office, Parking",53.29999924,4750799.0,0.0,4059275.0,691523.0,False,Compliant,65.03
553,1902,1.0,3,76893,0,76893,"Office, Parking, Retail Store",113.3000031,12029600.0,0.0,8209260.0,3820339.0,False,Compliant,260.13
554,1975,1.0,8,150000,23630,126370,"Office, Parking",73.80000305,9343428.0,0.0,8155743.0,1187684.0,False,Compliant,119.93
555,1953,1.0,7,274362,0,274362,Office,60.29999924,16540550.0,0.0,15836054.0,704494.0,False,Compliant,147.82
556,1983,1.0,15,378002,116280,261722,"Office, Parking",65.69999695,17750994.0,0.0,15083312.0,2667680.0,False,Compliant,246.83
557,1963,1.0,11,169020,0,169020,"Bar/Nightclub, Office, Personal Services (Health/Beauty, Dry Cleaning, etc)",65.59999847,11480494.0,2887565.25,7209495.0,1383432.0,False,Compliant,346.62
558,1981,1.0,33,429405,0,429405,"Data Center, Office",639.7000122,274682208.0,0.0,274532495.0,149672.0,False,Compliant,1921.82
559,1985,1.0,76,1952220,319400,1632820,"Office, Parking",55.29999924,92937640.0,0.0,87851862.0,5085763.0,False,Compliant,882.56
560,1981,1.0,19,383515,89778,293737,"Medical Office, Office, Parking",47.90000153,15878689.0,0.0,15878687.0,0.0,False,Compliant,110.7
561,1925,1.0,18,363934,28870,335064,"Medical Office, Parking, Retail Store",72.90000153,22104512.0,6090187.5,16002341.0,11981.0,False,Compliant,582.28
562,1929,1.0,4,78920,0,78920,Retail Store,105.1999969,8303666.5,0.0,7177346.0,1126320.0,False,Compliant,109.85
563,1979,1.0,7,131143,87160,43983,"Office, Retail Store",39.5,5177270.5,0.0,4871126.0,1416041.0,False,Compliant,109.16
564,1999,1.0,0,947987,0,947987,"Office, Other - Entertainment/Public Assembly, Other - Mall, Restaurant",62.29999924,46510960.0,0.0,46510954.0,0.0,False,Compliant,324.25
565,1908,1.0,4,55520,0,55520,"Office, Performing Arts, Restaurant, Retail Store, Self-Storage Facility",66.40000153,3686962.25,0.0,973907.0,2713055.0,False,Compliant,150.88
566,1908,1.0,10,132998,0,132998,"Office, Retail Store",27.29999924,3775187.5,1530680.625,2244507.0,0.0,False,Compliant,133.8
567,1940,1.0,3,83118,0,83118,Retail Store,54.29999924,2443141.5,0.0,2209419.0,233722.0,False,Compliant,27.82
568,1924,1.0,3,77555,0,77555,Retail Store,106.0999985,7802205.5,0.0,7802052.0,153.0,False,Compliant,54.4
569,1909,1.0,6,51218,0,51218,"Office, Restaurant",55.5,2886141.5,0.0,2886141.0,0.0,False,Compliant,20.12
570,1970,1.0,29,489182,0,489182,"Office, Other - Restaurant/Bar, Other - Technology/Science, Parking",93.80000305,36378588.0,0.0,32633842.0,3744742.0,False,Compliant,426.39
571,1929,1.0,27,216571,13320,203251,"Office, Other - Technology/Science, Parking",86.0,16246106.0,7413886.0,8704772.0,127447.0,False,Compliant,639.72
572,1921,1.0,13,189175,0,189175,"Office, Other",115.8000031,19036416.0,0.0,19036413.0,0.0,False,Compliant,132.71
573,1998,1.0,13,293803,74481,219322,"Office, Parking",117.4000015,17074142.0,0.0,17074139.0,0.0,False,Compliant,119.03
574,1910,1.0,7,122356,0,122356,"Data Center, Office, Retail Store",41.09999847,4585070.5,0.0,4371815.0,213255.0,False,Compliant,41.8
575,1921,1.0,3,52298,0,52298,Office,39.20000076,1968655.125,0.0,1968655.0,0.0,False,Compliant,13.72
576,1911,1.0,17,116640,0,116640,"Financial Office, Food Service, Office, Other",70.30000305,6758565.5,1736650.625,5021914.0,0.0,False,Compliant,169.06
577,1981,1.0,42,1249055,201121,1047934,"Data Center, Medical Office, Office, Parking, Restaurant",38.0,37980712.0,0.0,37980705.0,0.0,False,Compliant,264.78
578,1924,,4,63150,0,63150,,,,,,,False,Non-Compliant,
579,1988,1.0,5,188339,99314,89025,"Medical Office, Parking",104.0999985,8523594.0,0.0,7873601.0,649993.0,False,Compliant,89.41
580,1916,1.0,2,60122,0,60122,"College/University, Parking",11.5,690529.5,0.0,593029.0,97500.0,False,Compliant,9.31
581,1910,1.0,6,95000,13700,81300,"Office, Parking",48.0,4052720.0,0.0,3983832.0,68888.0,False,Compliant,31.43
582,1971,1.0,9,224857,0,224857,Office,74.5,15272491.0,4047481.0,11225008.0,0.0,False,Compliant,390.67
583,1998,1.0,8,446261,124788,321473,"Office, Parking",39.5,13568148.0,0.0,13568146.0,0.0,False,Compliant,94.59
584,1939,1.0,2,58492,0,58492,Other,27.29999924,1594422.5,0.0,717806.0,876616.0,False,Compliant,51.56
585,1907,1.0,6,62370,0,62370,"Office, Restaurant",72.69999695,4353025.0,0.0,4353024.0,0.0,False,Compliant,30.35
586,1960,1.0,1,73296,0,73296,"Non-Refrigerated Warehouse, Parking",30.29999924,2356376.75,0.0,1117577.0,1238800.0,False,Compliant,73.58
587,1944,1.0,4,99122,0,99122,"Office, Other",146.0,14469228.0,0.0,12766128.0,1703098.0,False,Compliant,179.45
588,1985,1.0,1,66133,0,66133,"Non-Refrigerated Warehouse, Office, Other",82.40000153,6345009.5,0.0,5354420.0,990589.0,False,Compliant,89.94
589,1952,1.0,2,115668,0,115668,"Data Center, Non-Refrigerated Warehouse, Office, Retail Store",30.79999924,3534690.75,0.0,1657935.0,1876755.0,False,Compliant,111.23
590,1970,1.0,1,141686,0,141686,Other,43.79999924,6673138.0,0.0,6673137.0,0.0,False,Compliant,46.52
591,1950,1.0,1,93610,0,93610,"Data Center, Office",61.29999924,6235947.0,0.0,3877758.0,2358189.0,False,Compliant,152.28
592,1973,1.0,2,156188,0,156188,"Office, Parking",48.20000076,6843855.0,0.0,6557481.0,286373.0,False,Compliant,60.92
593,1966,1.0,1,115620,0,115620,Non-Refrigerated Warehouse,34.29999924,1951856.25,0.0,1951856.0,0.0,False,Compliant,13.61
594,1975,1.0,5,238148,0,238148,"Office, Parking",43.90000153,10775646.0,0.0,10775645.0,0.0,False,Compliant,75.12
595,1969,1.0,1,71718,0,71718,Distribution Center,2.099999905,151754.2969,0.0,151754.0,0.0,False,Compliant,1.06
596,1969,1.0,1,55450,0,55450,"Non-Refrigerated Warehouse, Office",78.40000153,4345698.0,0.0,2149197.0,2196501.0,False,Compliant,131.64
597,1979,1.0,1,54880,0,54880,Distribution Center,50.20000076,2763597.0,0.0,1240788.0,1522809.0,False,Compliant,89.53
598,1992,1.0,1,102500,0,102500,"Parking, Retail Store",73.40000153,7305474.0,0.0,4972873.0,2332600.0,False,Compliant,158.55
599,2002,1.0,6,361398,272900,88498,"Non-Refrigerated Warehouse, Other, Parking, Retail Store",108.5,8915523.0,0.0,7663584.0,1251938.0,False,Compliant,119.92
600,1963,1.0,1,50785,0,50785,Supermarket/Grocery Store,271.7000122,7439009.0,0.0,4327325.0,3111684.0,False,Compliant,195.43
601,1929,1.0,3,85126,0,85126,Office,465.5,37951708.0,0.0,18610055.0,685132.0,False,Compliant,166.13
602,2000,1.0,5,303255,19820,283435,"Other, Parking, Restaurant, Retail Store",36.5,11077140.0,0.0,10602152.0,474987.0,False,Compliant,99.14
603,1986,1.0,1,411584,0,411584,"Distribution Center, Non-Refrigerated Warehouse, Refrigerated Warehouse",37.0,15091579.0,0.0,7501894.0,7589685.0,False,Compliant,455.39
604,1902,1.0,4,73320,0,73320,"Non-Refrigerated Warehouse, Office, Retail Store",20.0,1141189.75,0.0,681682.0,459508.0,False,Compliant,29.16
605,2008,1.0,4,242686,100176,142510,"Office, Parking",65.0,9683979.0,0.0,9683978.0,0.0,False,Compliant,67.51
606,1900,1.0,6,95760,15840,79920,Office,56.29999924,5392617.5,0.0,4593859.0,798758.0,False,Compliant,74.45
607,1946,1.0,1,179413,0,179413,Non-Refrigerated Warehouse,19.39999962,3459543.0,0.0,3459542.0,0.0,False,Compliant,24.12
608,1917,0.0,1,65288,0,65288,"Non-Refrigerated Warehouse, Office, Other - Services, Retail Store",8.600000381,605971.1875,0.0,605971.0,0.0,False,Compliant,4.22
609,1966,1.0,1,170632,0,170632,"Non-Refrigerated Warehouse, Office",3.5,602245.0,0.0,602245.0,0.0,False,Compliant,4.2
610,1994,1.0,10,381511,0,381511,"Office, Parking",51.90000153,11410228.0,0.0,10834205.0,576022.0,False,Compliant,106.12
611,2009,1.0,17,413264,138098,275166,"Office, Parking",46.09999847,13631141.0,0.0,13631140.0,0.0,False,Compliant,95.03
612,2009,1.0,6,122400,54300,68100,"Multifamily Housing, Office, Parking, Retail Store",68.30000305,4865551.5,0.0,3880094.0,985457.0,False,Compliant,79.39
613,1956,1.0,2,93803,0,93803,"Non-Refrigerated Warehouse, Other, Restaurant, Retail Store",58.79999924,5453438.5,0.0,3884335.0,1569103.0,False,Compliant,110.41
614,1988,1.0,1,52924,0,52924,K-12 School,0.0,0.0,0.0,1957268.0,0.0,False,Missing Data,13.64
615,1966,1.0,2,123000,0,123000,"Non-Refrigerated Warehouse, Office",21.89999962,3004271.0,0.0,3004271.0,0.0,False,Compliant,20.94
616,2003,1.0,5,275130,112980,162150,Medical Office,55.90000153,9941308.0,0.0,9941307.0,0.0,False,Compliant,69.3
617,1978,1.0,1,60448,0,60448,"Non-Refrigerated Warehouse, Office",17.39999962,1052244.75,0.0,620853.0,431392.0,False,Compliant,27.24
618,1994,7.0,14,1765970,0,1765970,"Hospital (General Medical & Surgical), Parking",177.8999939,291614432.0,134943456.0,139354828.0,17316120.0,False,Compliant,12307.16
619,1928,3.0,4,62600,0,62600,Other,51.79999924,11147342.0,0.0,4031128.0,7116213.0,False,Compliant,406.04
620,2004,1.0,4,77412,21612,55800,"Office, Other, Parking",58.20000076,2655387.5,0.0,2604783.0,50604.0,False,Compliant,20.85
621,1990,1.0,5,289419,159157,130262,"Medical Office, Parking",87.09999847,12731388.0,0.0,11761550.0,969837.0,False,Compliant,133.5
622,1987,1.0,5,90266,0,90266,Financial Office,88.80000305,7771933.5,0.0,7771933.0,0.0,False,Compliant,54.18
623,2004,1.0,4,87332,6458,80874,Non-Refrigerated Warehouse,13.30000019,1165598.875,0.0,1027649.0,137950.0,False,Compliant,14.49
624,2003,1.0,6,150545,50017,100528,"Hotel, Parking",133.3999939,13410041.0,0.0,5601497.0,7808543.0,False,Compliant,453.76
625,1999,1.0,5,141718,0,141718,"Other - Entertainment/Public Assembly, Restaurant",136.3000031,19085174.0,0.0,14573159.0,4512014.0,False,Compliant,341.23
626,2008,1.0,5,111856,21273,90583,"Hotel, Parking, Restaurant, Swimming Pool",98.40000153,9444484.0,0.0,4825247.0,4619236.0,False,Compliant,278.97
627,1988,1.0,4,132828,0,132828,Non-Refrigerated Warehouse,8.199999809,1083729.625,0.0,1083729.0,0.0,False,Compliant,7.56
628,1970,1.0,1,70400,0,70400,"Non-Refrigerated Warehouse, Office",198.3000031,13962749.0,0.0,9916987.0,4045761.0,False,Compliant,284.01
629,1995,1.0,1,101830,0,101830,Retail Store,81.90000153,10713006.0,0.0,5935365.0,4777640.0,False,Compliant,295.12
630,1988,1.0,3,55353,0,55353,K-12 School,0.0,0.0,0.0,1433596.0,0.0,False,Missing Data,9.99
631,1974,2.0,4,114000,0,114000,College/University,66.40000153,7575080.0,0.0,6341815.0,1233264.0,False,Compliant,109.71
632,2002,1.0,3,338063,0,338063,"Data Center, Non-Refrigerated Warehouse, Other, Refrigerated Warehouse, Repair Services (Vehicle, Shoe, Locksmith, etc), Restaurant",61.20000076,20675922.0,0.0,18175883.0,2500035.0,False,Compliant,259.49
633,1965,1.0,1,152365,0,152365,"Non-Refrigerated Warehouse, Office",6.800000191,1069749.75,0.0,948207.0,121543.0,False,Compliant,13.07
634,1910,1.0,6,320946,0,320946,"Laboratory, Medical Office",78.90000153,25471308.0,0.0,25205084.0,266222.0,False,Compliant,189.85
635,1958,1.0,1,74178,0,74178,Retail Store,72.80000305,5402181.0,0.0,3296324.0,2105856.0,False,Compliant,134.82
636,1987,1.0,4,80360,0,80360,Non-Refrigerated Warehouse,8.5,686019.1875,0.0,437019.0,249000.0,False,Compliant,16.27
637,1950,1.0,1,61183,0,61183,K-12 School,38.5,2424724.25,0.0,720406.0,1704318.0,True,Error - Correct Default Data,95.54
638,1996,1.0,3,119190,0,119190,Supermarket/Grocery Store,217.8000031,10077532.0,0.0,5813407.0,4264124.0,False,Compliant,267.0
639,2008,1.0,2,51856,0,51856,"Automobile Dealership, Office",37.40000153,1938613.125,0.0,1938613.0,0.0,False,Compliant,13.51
640,1921,1.0,3,66138,12586,53552,"Manufacturing/Industrial Plant, Office, Parking, Retail Store",139.8000031,7070998.5,0.0,7070998.0,0.0,False,Compliant,49.29
641,1960,1.0,3,113944,48510,65434,Office,273.2999878,17880184.0,0.0,17791664.0,88516.0,False,Compliant,128.73
644,2000,1.0,3,93079,36093,56986,Multifamily Housing,21.89999962,1997181.5,0.0,1744199.0,252982.0,False,Compliant,25.6
651,1957,1.0,2,22220,0,22220,Worship Facility,35.0,778355.8125,0.0,208060.0,570296.0,False,Compliant,31.74
652,1955,1.0,1,46732,0,46732,K-12 School,45.79999924,2331952.75,0.0,753694.0,1578259.0,True,Error - Correct Default Data,89.08
656,1962,1.0,1,44700,0,44700,"Non-Refrigerated Warehouse, Office, Other",42.70000076,2042771.0,0.0,1689972.0,352799.0,False,Compliant,30.52
657,1976,1.0,1,44100,0,44100,Non-Refrigerated Warehouse,40.5,1618916.375,0.0,1618916.0,0.0,False,Compliant,11.29
658,1965,1.0,1,27800,0,27800,Distribution Center,44.0,1224186.25,0.0,880605.0,343581.0,False,Compliant,24.39
660,2001,1.0,1,46340,0,46340,Non-Refrigerated Warehouse,55.29999924,2564004.0,0.0,2564004.0,0.0,False,Compliant,17.87
661,1994,3.0,1,22800,0,22800,Manufacturing/Industrial Plant,97.5,2222097.5,0.0,358020.0,1864077.0,False,Compliant,101.5
663,1910,1.0,3,38460,0,38460,Office,50.70000076,1950713.25,0.0,1464669.0,486044.0,False,Compliant,36.02
669,1922,1.0,2,21022,0,21022,Worship Facility,45.0,945245.625,0.0,137902.0,807343.0,False,Compliant,43.84
676,1954,1.0,2,51489,0,51489,K-12 School,38.5,1984067.625,0.0,750281.0,1233786.0,True,Error - Correct Default Data,70.76
680,1967,1.0,1,48001,0,48001,Distribution Center,44.70000076,2143650.75,0.0,593580.0,1550071.0,False,Compliant,86.46
681,1979,1.0,1,26380,0,26380,"Non-Refrigerated Warehouse, Office",19.29999924,509124.0,0.0,508416.0,708.0,False,Compliant,3.58
682,1969,1.0,1,37351,0,37351,"Non-Refrigerated Warehouse, Office",65.40000153,2559461.75,0.0,1276462.0,1283000.0,False,Compliant,77.04
683,1981,1.0,1,30375,0,30375,Non-Refrigerated Warehouse,11.39999962,345866.6875,0.0,345867.0,0.0,False,Compliant,2.41
684,1979,1.0,1,30004,0,30004,"Non-Refrigerated Warehouse, Office",12.60000038,369291.5,0.0,369291.0,0.0,False,Compliant,2.57
687,1928,1.0,3,39971,0,39971,"Office, Other, Retail Store, Swimming Pool",274.2000122,10960107.0,0.0,3598398.0,7361709.0,False,Compliant,416.07
689,1914,1.0,2,33589,0,33589,Worship Facility,15.19999981,509836.1875,0.0,111626.0,398210.0,False,Compliant,21.93
692,1979,1.0,3,43500,0,43500,Office,74.0,3220635.25,0.0,3216396.0,4239.0,False,Compliant,22.65
693,1978,1.0,2,28492,0,28492,Office,66.59999847,1896298.875,0.0,1363957.0,532342.0,False,Compliant,37.78
694,1963,1.0,3,22325,0,22325,"Medical Office, Office, Other, Other - Services, Parking, Retail Store",62.79999924,1401315.875,0.0,1401316.0,0.0,False,Compliant,9.77
695,1977,1.0,3,22719,0,22719,"Parking, Restaurant",59.79999924,1358519.0,0.0,1358519.0,0.0,False,Compliant,9.47
697,1946,1.0,2,44588,22000,22588,Laboratory,105.0999985,7251589.0,0.0,7251588.0,0.0,False,Compliant,50.55
713,1925,1.0,2,37327,0,37327,K-12 School,40.20000076,1967476.375,0.0,724560.0,1242916.0,True,Error - Correct Default Data,71.06
715,1917,1.0,2,147545,0,147545,Retail Store,46.0,6787070.0,0.0,4133510.0,2653559.0,False,Compliant,169.75
716,1923,1.0,2,21462,0,21462,"Office, Other",42.90000153,1114384.625,0.0,1114384.0,0.0,False,Compliant,7.77
725,1930,1.0,2,47602,0,47602,K-12 School,48.79999924,2249592.5,0.0,777836.0,1471756.0,True,Error - Correct Default Data,83.59
726,1917,1.0,2,28072,0,28072,Social/Meeting Hall,57.20000076,1362523.0,0.0,192436.0,1170087.0,False,Compliant,63.48
730,1955,1.0,2,31020,0,31020,Restaurant,160.1999969,4970047.0,0.0,1221601.0,3748445.0,False,Compliant,207.6
731,1917,1.0,2,21600,0,21600,"Office, Other - Lodging/Residential",75.80000305,1636649.125,0.0,1241985.0,394664.0,False,Compliant,29.62
732,1974,1.0,5,61825,13320,48505,"Bank Branch, Office",104.0999985,4322873.0,0.0,1915699.0,2407174.0,False,Compliant,141.2
735,1942,1.0,3,64630,0,64630,Office,21.79999924,1408291.375,0.0,1408291.0,0.0,False,Compliant,9.82
736,1948,1.0,2,20920,0,20920,Worship Facility,49.79999924,1042108.5,0.0,285047.0,757062.0,False,Compliant,42.19
742,1926,1.0,2,22128,0,22128,Worship Facility,27.5,608359.6875,0.0,153306.0,455054.0,False,Compliant,25.24
745,1968,1.0,1,48139,0,48139,Retail Store,21.5,859236.625,0.0,468402.0,390834.0,False,Compliant,24.02
746,2002,1.0,1,29924,0,29924,Other - Education,0.0,0.0,0.0,0.0,0.0,False,Missing Data,0.0
750,1949,1.0,2,21364,0,21364,"K-12 School, Worship Facility",45.20000076,965651.125,0.0,162220.0,803431.0,False,Compliant,43.8
768,1992,1.0,2,28923,0,28923,College/University,15.30000019,439311.9063,0.0,174768.0,264544.0,False,Compliant,15.27
770,1928,1.0,3,21600,0,21600,College/University,15.0,323739.4063,0.0,235546.0,88193.0,False,Compliant,6.33
773,1996,1.0,1,25735,0,25735,Retail Store,45.5,1169394.875,0.0,953695.0,215700.0,False,Compliant,18.1
775,1956,1.0,2,25862,0,25862,"Other, Retail Store",185.6999969,4801472.0,0.0,2185523.0,2615949.0,False,Compliant,154.17
776,2003,1.0,2,49965,0,49965,"Other, Retail Store",67.59999847,3377209.75,0.0,3247196.0,130013.0,False,Compliant,29.54
780,1929,1.0,2,20028,0,20028,Office,25.60000038,511797.4063,151742.5,360055.0,0.0,False,Compliant,14.22
782,1900,1.0,7,23622,0,23622,"Office, Restaurant",19.39999962,552007.5,0.0,419848.0,132159.0,False,Compliant,9.95
783,1902,1.0,3,23563,0,23563,"Office, Restaurant",37.5,883197.6875,0.0,883198.0,0.0,False,Compliant,6.16
784,1903,1.0,3,28600,0,28600,"Office, Restaurant, Retail Store",40.90000153,1062722.625,0.0,697769.0,364954.0,False,Compliant,24.25
785,1978,1.0,2,38539,12379,26160,"Office, Parking, Retail Store",83.59999847,2186018.5,0.0,2186018.0,0.0,False,Compliant,15.24
786,1906,1.0,5,26840,0,26840,Office,68.5,1989287.0,0.0,1989287.0,0.0,False,Compliant,13.87
787,1906,1.0,2,46800,0,46800,"Office, Retail Store",26.60000038,1245187.5,0.0,1245187.0,0.0,False,Compliant,8.68
788,1979,1.0,3,63990,26640,37350,"Office, Parking",53.0,2067352.5,0.0,2062620.0,4732.0,False,Compliant,14.63
789,1908,1.0,3,28800,0,28800,"Non-Refrigerated Warehouse, Office, Other",38.40000153,1345025.75,0.0,923904.0,421122.0,False,Compliant,28.81
792,1954,1.0,3,33552,4968,28584,"Office, Parking",63.90000153,1696978.75,0.0,643674.0,1053305.0,False,Compliant,60.43
793,1931,1.0,2,26270,0,26270,Retail Store,59.40000153,1560461.75,0.0,1064100.0,496361.0,False,Compliant,33.78
794,1926,1.0,3,57620,7820,49800,"Office, Parking",47.90000153,2385395.0,0.0,2385395.0,0.0,False,Compliant,16.63
796,1954,1.0,2,28696,6080,22616,"Bank Branch, Other, Parking",20.20000076,418348.5,0.0,418348.0,0.0,False,Compliant,2.92
797,1990,1.0,5,57800,0,57800,Hotel,42.29999924,2443065.25,0.0,1375435.0,1067630.0,False,Compliant,66.29
805,1955,1.0,2,31890,0,31890,Financial Office,59.59999847,1858224.625,0.0,1858224.0,0.0,False,Compliant,12.95
806,1925,1.0,2,44098,13660,30438,"Office, Parking",55.59999847,1441900.5,450522.3125,991378.0,0.0,False,Compliant,41.69
807,1923,1.0,3,22381,0,22381,Restaurant,157.8999939,3532966.5,0.0,1319044.0,2213922.0,False,Compliant,126.78
809,1926,0.0,4,49249,0,49249,"Laboratory, Office",696.7000122,33268410.0,0.0,10854749.0,22413661.0,False,Compliant,1266.06
810,1925,1.0,1,24825,1263,23562,"Non-Refrigerated Warehouse, Retail Store",18.0,439521.0938,0.0,264519.0,175002.0,False,Compliant,11.14
815,1952,1.0,4,26670,0,26670,Medical Office,58.20000076,1553208.375,0.0,1553175.0,33.0,False,Compliant,10.83
819,1922,1.0,2,37740,0,37740,Fire Station,79.5,3095882.0,0.0,1699362.0,1396520.0,False,Compliant,86.02
828,1965,1.0,1,23752,0,23752,"Office, Parking, Retail Store",44.90000153,1067153.75,0.0,571058.0,496096.0,False,Compliant,30.33
829,1967,1.0,4,44416,0,44416,Hotel,50.70000076,2669564.25,0.0,1495543.0,1174021.0,False,Compliant,72.78
830,2006,1.0,2,33792,22867,10925,"Other - Entertainment/Public Assembly, Parking, Social/Meeting Hall, Swimming Pool",241.1000061,2547848.0,0.0,2269684.0,278164.0,False,Compliant,30.6
839,2001,1.0,1,35805,0,35805,K-12 School,12.10000038,431471.6875,0.0,246628.0,184844.0,True,Error - Correct Default Data,11.54
847,1928,1.0,2,45991,0,45991,Worship Facility,24.89999962,1145535.75,0.0,529029.0,616507.0,False,Compliant,36.43
858,1921,1.0,3,21499,0,21499,Residence Hall/Dormitory,28.10000038,605130.6875,0.0,605130.0,0.0,False,Compliant,4.22
859,1989,1.0,2,20384,0,20384,Office,71.59999847,1791071.375,0.0,1760118.0,30954.0,False,Compliant,13.91
861,1956,1.0,2,39265,0,39265,"Non-Refrigerated Warehouse, Office, Other, Retail Store",133.3999939,5238803.0,0.0,5009101.0,229701.0,False,Compliant,47.12
862,1956,1.0,2,54284,0,54284,"Other, Retail Store",124.0,6778694.0,0.0,6424200.0,354493.0,False,Compliant,63.61
863,1956,1.0,1,23409,0,23409,"Other, Retail Store",108.6999969,2545405.0,0.0,2314166.0,231239.0,False,Compliant,28.41
864,1997,1.0,1,63153,0,63153,"Non-Refrigerated Warehouse, Other, Retail Store",73.5,4644178.0,0.0,4312919.0,331258.0,False,Compliant,47.66
867,1961,2.0,2,24100,0,24100,Hotel,51.40000153,1587454.75,0.0,817987.0,769468.0,False,Compliant,46.57
868,1923,1.0,3,33600,0,33600,"Office, Restaurant",133.1999969,4475650.0,0.0,2941315.0,1534335.0,False,Compliant,101.99
873,1927,1.0,4,32356,0,32356,"Bank Branch, Financial Office",57.40000153,1857154.75,882630.6875,974524.0,0.0,False,Compliant,74.92
874,1960,1.0,7,61180,12960,48220,Hotel,65.30000305,3993913.25,0.0,1859869.0,2134044.0,False,Compliant,126.3
875,1978,1.0,5,43506,11250,32256,"Office, Parking",106.1999969,3460275.5,0.0,1834098.0,1626177.0,False,Compliant,99.15
882,1910,1.0,2,23931,0,23931,Worship Facility,20.70000076,496477.3125,0.0,167075.0,329402.0,False,Compliant,18.66
883,1948,1.0,2,21393,0,21393,Worship Facility,39.5,845961.375,0.0,266359.0,579602.0,False,Compliant,32.64
887,1990,1.0,2,47560,0,47560,"Distribution Center, Non-Refrigerated Warehouse, Office",24.0,1132489.625,0.0,583296.0,549194.0,False,Compliant,33.23
888,2006,1.0,6,62334,0,62334,"Bank Branch, Parking, Senior Care Community",21.0,1076733.25,0.0,481168.0,595565.0,False,Compliant,34.98
890,1930,1.0,3,20960,0,20960,Residence Hall/Dormitory,71.59999847,1500309.75,0.0,328800.0,1171510.0,False,Compliant,64.51
894,1910,1.0,3,28800,0,28800,College/University,24.89999962,717056.375,0.0,642346.0,74710.0,False,Compliant,8.45
895,1957,1.0,2,21600,0,21600,K-12 School,58.40000153,1261536.75,0.0,609724.0,651813.0,False,Compliant,38.87
896,1995,1.0,3,22860,0,22860,K-12 School,40.70000076,931148.625,0.0,931148.0,0.0,False,Compliant,6.49
900,1972,1.0,1,26366,0,26366,"Parking, Worship Facility",33.70000076,888031.875,0.0,323802.0,564230.0,False,Compliant,32.22
904,1965,1.0,2,21732,0,21732,Worship Facility,39.59999847,860364.1875,0.0,479159.0,381205.0,False,Compliant,23.59
911,1945,1.0,1,21060,0,21060,"Non-Refrigerated Warehouse, Office, Other, Retail Store",14.30000019,350264.5938,0.0,258178.0,92087.0,False,Compliant,6.69
912,1960,1.0,4,20539,0,20539,"Medical Office, Multifamily Housing, Office, Restaurant, Retail Store",81.0,1678458.75,0.0,1123427.0,555032.0,False,Compliant,37.31
913,1958,1.0,1,38624,0,38624,K-12 School,34.40000153,1424157.25,0.0,798804.0,625352.0,True,Error - Correct Default Data,38.78
921,1900,1.0,3,32960,0,32960,Retail Store,24.70000076,813641.0,0.0,813641.0,0.0,False,Compliant,5.67
922,1921,1.0,3,29636,0,29636,"Multifamily Housing, Other - Entertainment/Public Assembly",23.20000076,688641.8125,0.0,688642.0,0.0,False,Compliant,4.8
923,1930,1.0,3,20571,0,20571,Hotel,34.79999924,716279.6875,0.0,716279.0,0.0,False,Compliant,4.99
932,1926,1.0,2,47992,0,47992,"Other, Worship Facility",63.29999924,3040195.5,0.0,934028.0,2106168.0,False,Compliant,118.37
934,1993,1.0,3,28572,0,28572,"Parking, Residence Hall/Dormitory",123.5,2717863.25,0.0,1187175.0,1530688.0,False,Compliant,89.57
952,1982,0.0,15,115775,31535,84240,"Office, Residence Hall/Dormitory",16.5,2882489.75,0.0,2882489.0,0.0,False,Compliant,20.09
953,2000,1.0,2,31386,0,31386,Worship Facility,37.59999847,1128179.125,0.0,710478.0,417701.0,False,Compliant,27.14
954,1989,5.0,3,21500,0,21500,K-12 School,69.59999847,6689184.0,0.0,3307692.0,3381491.0,False,Compliant,202.65
963,2012,1.0,2,84116,26497,57619,Office,48.0,2641681.75,0.0,2605669.0,36012.0,False,Compliant,20.08
964,1925,1.0,9,104000,0,104000,"Hotel, Restaurant",83.59999847,8690648.0,3578548.25,4159822.0,952277.0,False,Compliant,355.8
965,1971,1.0,1,55206,0,55206,K-12 School,42.5,2345752.5,0.0,1359846.0,985906.0,True,Error - Correct Default Data,61.84
966,1981,1.0,3,78374,0,78374,"Parking, Senior Care Community",56.59999847,3321035.75,0.0,3321035.0,0.0,False,Compliant,23.15
968,2007,1.0,2,38784,0,38784,"Non-Refrigerated Warehouse, Office",54.70000076,1841154.25,0.0,1553414.0,287740.0,False,Compliant,26.11
972,1969,1.0,2,41790,0,41790,"Office, Social/Meeting Hall",52.09999847,2177075.0,0.0,1782740.0,394335.0,False,Compliant,33.37
973,1900,1.0,5,39960,0,39960,"Office, Other",54.5,2178690.5,0.0,1424622.0,754068.0,False,Compliant,49.98
974,1900,1.0,5,33300,0,33300,"Non-Refrigerated Warehouse, Retail Store",3.0,90558.70313,0.0,90559.0,0.0,False,Compliant,0.63
975,1926,1.0,11,36240,0,36240,Hotel,59.29999924,2147968.25,1158118.25,456350.0,533500.0,False,Compliant,120.91
976,1922,1.0,3,39320,6960,32360,Social/Meeting Hall,77.40000153,3042875.5,1165335.75,957761.0,919779.0,False,Compliant,145.48
978,1908,1.0,5,41536,0,41536,Performing Arts,65.90000153,2735166.0,0.0,2735166.0,0.0,False,Compliant,19.07
980,1909,1.0,6,35820,0,35820,Hotel,92.69999695,3321603.0,0.0,993349.0,2328254.0,False,Compliant,130.58
982,1922,1.0,2,33462,0,33462,K-12 School,68.90000153,3987215.5,0.0,574940.0,3412276.0,False,Compliant,185.23
983,1965,1.0,3,49744,0,49744,K-12 School,42.20000076,2096835.5,0.0,478349.0,1618486.0,False,Compliant,89.29
984,1923,1.0,2,37816,0,37816,"K-12 School, Worship Facility",37.0,1411305.5,0.0,682782.0,728523.0,False,Compliant,43.45
985,1926,0.0,2,23315,0,23315,"Office, Restaurant, Retail Store",81.30000305,1354000.625,0.0,799029.0,554971.0,False,Compliant,35.04
986,1930,1.0,2,20700,0,20700,"Non-Refrigerated Warehouse, Office, Other - Recreation, Restaurant",206.1000061,4265815.0,0.0,821211.0,3444604.0,False,Compliant,188.67
989,1948,1.0,1,41521,13124,28397,"Other - Recreation, Parking, Restaurant",116.0,3343550.0,0.0,1676726.0,1666824.0,False,Compliant,100.21
990,1946,1.0,2,25762,0,25762,Supermarket/Grocery Store,74.0,1906384.875,0.0,1906385.0,0.0,False,Compliant,13.29
992,1984,1.0,1,33334,0,33334,"Fitness Center/Health Club/Gym, Swimming Pool",122.4000015,6118300.5,0.0,2484706.0,3633594.0,False,Compliant,210.3
993,1981,1.0,3,43387,0,43387,Office,59.70000076,2686765.0,0.0,2352594.0,334171.0,False,Compliant,34.15
1000,1979,1.0,1,39350,0,39350,"Food Service, Retail Store, Supermarket/Grocery Store",6.5,267135.0938,0.0,267135.0,0.0,False,Compliant,1.86
1002,1949,0.0,1,22405,0,22405,"Other, Retail Store",189.1000061,3498214.75,0.0,1110079.0,2388136.0,False,Compliant,134.57
1007,2013,1.0,1,32590,0,32590,Other,41.79999924,1361794.25,0.0,632722.0,729072.0,False,Compliant,43.13
1010,1985,1.0,1,37500,0,37500,Non-Refrigerated Warehouse,29.5,1811506.375,0.0,1799898.0,11608.0,False,Compliant,13.16
1011,1990,1.0,2,39000,0,39000,Medical Office,67.09999847,2615247.75,0.0,2275174.0,340073.0,False,Compliant,33.92
1012,1924,1.0,1,22180,0,22180,"Other - Mall, Restaurant",229.3999939,5089083.0,0.0,2671917.0,2417166.0,False,Compliant,147.0
1016,1971,1.0,1,51704,0,51704,K-12 School,34.79999924,1799402.75,0.0,1167845.0,631557.0,True,Error - Correct Default Data,41.68
1017,1969,1.0,1,25920,0,25920,"Distribution Center, Office, Refrigerated Warehouse",47.09999847,1219744.75,0.0,1133481.0,86264.0,False,Compliant,12.48
1018,1953,1.0,1,25480,0,25480,Refrigerated Warehouse,29.10000038,741287.1875,0.0,741287.0,0.0,False,Compliant,5.17
1019,1970,1.0,2,31000,0,31000,Non-Refrigerated Warehouse,74.19999695,2301043.75,0.0,2216816.0,84227.0,False,Compliant,19.93
1020,1961,1.0,1,29740,0,29740,"Non-Refrigerated Warehouse, Office",48.90000153,1467060.25,0.0,1259195.0,207865.0,False,Compliant,19.82
1021,1954,1.0,1,23236,0,23236,"Distribution Center, Office, Retail Store",18.70000076,433871.0,0.0,217294.0,216577.0,False,Compliant,13.02
1022,2009,1.0,3,38075,0,38075,"K-12 School, Office, Retail Store",50.5,1921801.25,0.0,1799412.0,122389.0,False,Compliant,19.04
1024,1970,1.0,2,39170,0,39170,Office,60.0,2130673.75,0.0,1085835.0,1044839.0,False,Compliant,63.06
1025,1977,0.0,1,36070,0,36070,Other - Recreation,21.60000038,1441665.375,0.0,1441665.0,0.0,False,Compliant,10.05
1027,1963,1.0,2,20047,0,20047,Other - Services,5.900000095,117438.3984,0.0,117438.0,0.0,False,Compliant,0.82
1030,1914,1.0,1,20000,0,20000,Retail Store,27.89999962,557863.6875,0.0,557864.0,0.0,False,Compliant,3.89
1031,1955,1.0,2,32400,0,32400,Non-Refrigerated Warehouse,7.599999905,248616.0,0.0,248616.0,0.0,False,Compliant,1.73
1033,1962,1.0,1,25159,0,25159,"Parking, Supermarket/Grocery Store",344.1000061,8905287.0,0.0,4878886.0,4026400.0,False,Compliant,247.85
1035,1948,1.0,1,27247,0,27247,"Fitness Center/Health Club/Gym, Office, Other - Recreation, Pre-school/Daycare",90.40000153,2332996.5,0.0,884313.0,1448683.0,False,Compliant,83.1
1041,1955,1.0,1,26680,0,26680,Distribution Center,7.199999809,243518.2031,0.0,243518.0,0.0,False,Compliant,1.7
1042,1953,1.0,1,31521,0,31521,Non-Refrigerated Warehouse,56.70000076,1788148.0,0.0,720945.0,1067203.0,False,Compliant,61.71
1043,1951,1.0,1,24000,0,24000,"Non-Refrigerated Warehouse, Office",52.40000153,1257033.5,0.0,436193.0,820840.0,False,Compliant,46.64
1044,1952,1.0,1,21900,0,21900,Self-Storage Facility,60.90000153,1333637.625,0.0,112187.0,1221451.0,False,Compliant,65.65
1045,1953,1.0,1,39900,0,39900,"Non-Refrigerated Warehouse, Retail Store",3.599999905,145468.7969,0.0,49005.0,96464.0,True,Error - Correct Default Data,5.46
1046,1961,1.0,1,38005,0,38005,"Non-Refrigerated Warehouse, Office, Self-Storage Facility",19.79999924,752093.625,0.0,632708.0,119386.0,False,Compliant,10.75
1047,1998,1.0,1,35579,0,35579,Distribution Center,30.79999924,1096646.25,0.0,416047.0,680599.0,False,Compliant,39.05
1049,1975,1.0,1,49950,0,49950,Distribution Center,4.800000191,238969.7031,0.0,238970.0,0.0,False,Compliant,1.67
1051,2001,1.0,3,62078,0,62078,K-12 School,31.5,1955013.5,0.0,1151755.0,803258.0,True,Error - Correct Default Data,50.69
1054,1947,1.0,2,22612,0,22612,Worship Facility,32.29999924,731321.8125,0.0,156920.0,574402.0,False,Compliant,31.6
1058,1976,1.0,2,38787,0,38787,"Automobile Dealership, Parking",82.59999847,3204685.5,0.0,2225423.0,979262.0,False,Compliant,67.52
1059,1988,2.0,2,50368,0,50368,Self-Storage Facility,15.0,753275.1875,0.0,247692.0,505583.0,False,Compliant,28.58
1060,1938,1.0,1,30545,0,30545,"Non-Refrigerated Warehouse, Office",51.59999847,1577040.875,0.0,481781.0,1095260.0,False,Compliant,61.53
1071,1922,1.0,3,32691,0,32691,K-12 School,29.0,971990.3125,0.0,472481.0,499509.0,False,Compliant,29.82
1073,1963,1.0,2,24227,0,24227,Worship Facility,41.5,1086678.125,0.0,219393.0,867285.0,False,Compliant,47.59
1081,1956,1.0,1,27000,0,27000,Distribution Center,24.10000038,651293.3125,0.0,341140.0,310153.0,False,Compliant,18.85
1092,1999,1.0,3,95501,0,95501,K-12 School,31.5,3009967.0,0.0,2100632.0,909335.0,True,Error - Correct Default Data,62.94
1093,1957,1.0,2,21183,0,21183,"Office, Parking",25.89999962,361542.0938,0.0,361542.0,0.0,False,Compliant,2.52
1094,1961,1.0,3,29392,3834,25558,"Office, Parking",25.70000076,755618.1875,0.0,735889.0,19729.0,False,Compliant,6.18
1096,1985,1.0,5,137738,55504,82234,"Office, Other, Parking",57.20000076,4704936.5,0.0,4704936.0,0.0,False,Compliant,32.8
1104,1988,1.0,3,21118,0,21118,Residence Hall/Dormitory,64.5,1361427.75,0.0,710939.0,650489.0,False,Compliant,39.5
1105,2013,1.0,5,206126,79284,126842,"Office, Other, Parking, Restaurant",32.0,4489661.0,0.0,3601473.0,887828.0,False,Compliant,72.26
1106,1900,1.0,2,20500,0,20500,Office,64.69999695,1326178.125,0.0,1282333.0,43845.0,False,Compliant,11.27
1109,1966,1.0,2,34636,31000,3636,"Parking, Senior Care Community",337.5,12148720.0,0.0,3561375.0,8587344.0,False,Compliant,480.9
1110,1930,1.0,2,25521,0,25521,Worship Facility,23.70000076,605186.3125,0.0,361384.0,243802.0,False,Compliant,15.47
1111,1986,1.0,1,23190,0,23190,K-12 School,73.5,1705515.25,0.0,486316.0,1219199.0,False,Compliant,68.14
1115,1960,1.0,1,20678,0,20678,Office,33.29999924,770333.0,0.0,179517.0,590816.0,False,Compliant,32.63
1116,1922,1.0,3,28820,0,28820,K-12 School,76.80000305,2595783.5,0.0,680757.0,1915026.0,False,Compliant,106.45
1119,1954,1.0,2,27876,0,27876,Worship Facility,40.79999924,1829981.375,0.0,611581.0,1218400.0,False,Compliant,68.97
1120,1925,1.0,1,48789,0,48789,K-12 School,26.60000038,1298307.625,0.0,857142.0,441165.0,False,Compliant,29.41
1122,1925,1.0,1,33105,0,33105,K-12 School,52.09999847,1725336.25,0.0,473807.0,1251530.0,True,Error - Correct Default Data,69.77
1123,1966,1.0,2,48882,7233,41649,"Parking, Senior Care Community",161.8000031,6782435.0,0.0,2708255.0,4074180.0,False,Compliant,235.26
1124,1977,1.0,1,22320,0,22320,Non-Refrigerated Warehouse,19.70000076,439065.9063,0.0,439066.0,0.0,False,Compliant,3.06
1125,1976,1.0,1,47105,0,47105,Manufacturing/Industrial Plant,225.8000031,10234721.0,0.0,4233850.0,6000871.0,False,Compliant,348.22
1126,1982,1.0,2,40029,0,40029,"Non-Refrigerated Warehouse, Office",36.79999924,1471914.25,0.0,1471914.0,0.0,False,Compliant,10.26
1127,1970,1.0,2,28304,0,28304,Office,46.70000076,1269367.5,0.0,1269367.0,0.0,False,Compliant,8.85
1128,1970,1.0,1,26400,0,26400,"Non-Refrigerated Warehouse, Other - Recreation",16.29999924,452612.5,0.0,452612.0,0.0,False,Compliant,3.16
1129,1968,1.0,1,27680,0,27680,"Non-Refrigerated Warehouse, Office",64.19999695,1778431.75,0.0,642420.0,1136012.0,False,Compliant,64.81
1130,1969,1.0,2,25872,0,25872,"Non-Refrigerated Warehouse, Office",69.09999847,1787119.0,0.0,1064725.0,722394.0,False,Compliant,45.79
1131,1969,1.0,2,25872,0,25872,Office,96.0,2399353.5,0.0,985457.0,1413896.0,False,Compliant,81.96
1132,1969,1.0,1,20500,0,20500,Non-Refrigerated Warehouse,10.39999962,222600.0938,0.0,222600.0,0.0,False,Compliant,1.55
1133,1958,1.0,2,21436,0,21436,Office,24.89999962,534703.6875,0.0,534704.0,0.0,False,Compliant,3.73
1134,1998,1.0,1,20233,0,20233,"Non-Refrigerated Warehouse, Office, Other",31.10000038,630250.125,0.0,331967.0,298283.0,False,Compliant,18.16
1136,2006,1.0,4,39926,12400,27526,"Multifamily Housing, Office, Parking, Retail Store",36.70000076,1010967.688,0.0,849654.0,161314.0,False,Compliant,14.49
1139,1985,1.0,3,31417,8110,23307,"Office, Parking",42.79999924,1126157.25,0.0,687472.0,438685.0,False,Compliant,28.09
1142,1928,1.0,6,46580,0,46580,Self-Storage Facility,15.19999981,710275.375,0.0,710275.0,0.0,False,Compliant,4.95
1144,1916,1.0,2,25920,0,25920,Retail Store,18.5,478690.0938,0.0,478690.0,0.0,False,Compliant,3.34
1146,1919,1.0,2,25920,0,25920,Retail Store,26.0,1011667.5,0.0,867448.0,144219.0,False,Compliant,13.71
1147,1910,1.0,8,61721,0,61721,Hotel,52.20000076,2897079.75,0.0,2534592.0,362488.0,False,Compliant,36.92
1150,1919,1.0,2,25920,0,25920,Office,74.80000305,1793851.375,0.0,1057542.0,736309.0,False,Compliant,46.48
1154,1925,1.0,4,39760,0,39760,Office,62.29999924,2478960.0,1739620.75,512225.0,227114.0,False,Compliant,149.91
1155,1920,1.0,3,30971,0,30971,Other,91.19999695,2823184.0,230989.2969,1314572.0,1277622.0,False,Compliant,94.85
1156,1946,1.0,3,22667,0,22667,Office,166.1999969,3767135.0,1639341.375,1972293.0,155501.0,False,Compliant,148.55
1158,1927,1.0,2,33840,0,33840,"Non-Refrigerated Warehouse, Office, Retail Store",65.80000305,2227638.25,0.0,1244691.0,982947.0,False,Compliant,60.88
1159,2001,5.0,3,41827,9226,32601,"Multifamily Housing, Office, Other - Mall, Parking, Restaurant",100.3000031,4193371.0,0.0,2439095.0,1754275.0,False,Compliant,110.17
1161,2001,1.0,5,33740,6010,27730,"Office, Parking, Retail Store",52.29999924,1291405.25,0.0,1291405.0,0.0,False,Compliant,9.0
1162,1911,1.0,2,20516,0,20516,"Hotel, Retail Store",56.29999924,1021796.625,0.0,264984.0,756812.0,False,Compliant,42.04
1163,1906,1.0,3,27480,0,27480,"Office, Retail Store",39.29999924,1215156.25,0.0,1215156.0,0.0,False,Compliant,8.47
1165,1947,1.0,1,46958,0,46958,"Bank Branch, Bar/Nightclub, Office, Parking",38.70000076,1818867.875,0.0,1436548.0,382320.0,False,Compliant,30.32
1166,1984,1.0,1,26532,0,26532,Distribution Center,72.90000153,1934224.25,0.0,784585.0,1149639.0,False,Compliant,66.53
1167,1981,1.0,2,22388,0,22388,"Multifamily Housing, Office",25.70000076,576405.125,0.0,458439.0,117966.0,False,Compliant,9.46
1168,1969,1.0,1,30730,0,30730,Other,99.30000305,3050455.25,0.0,1918002.0,1132453.0,False,Compliant,73.52
1169,1986,1.0,2,35600,0,35600,"Office, Parking",59.0,2173143.75,0.0,2104103.0,69040.0,False,Compliant,18.34
1171,1949,1.0,3,62000,0,62000,"Other, Worship Facility",28.89999962,1799664.125,0.0,286965.0,1512699.0,False,Compliant,82.34
1172,1981,1.0,2,23600,0,23600,Office,32.90000153,776248.6875,0.0,776249.0,0.0,False,Compliant,5.41
1174,1986,1.0,3,40067,0,40067,Office,57.5,2303732.75,0.0,2303732.0,0.0,False,Compliant,16.06
1175,1989,1.0,3,26419,6922,19497,Office,40.70000076,1074989.0,0.0,1074989.0,0.0,False,Compliant,7.49
1176,1979,1.0,3,25262,0,25262,Office,58.20000076,1469556.25,0.0,1174674.0,294882.0,False,Compliant,23.85
1177,1996,0.0,3,53103,0,53103,Other,126.0,4877959.0,0.0,4788878.0,89080.0,False,Compliant,38.12
1178,1980,1.0,3,34106,0,34106,Office,49.5,1619177.125,0.0,1619177.0,0.0,False,Compliant,11.29
1179,1980,1.0,3,34545,0,34545,Office,67.0,2313978.75,0.0,2313979.0,0.0,False,Compliant,16.13
1180,1980,1.0,3,70296,0,70296,Office,39.59999847,2782066.5,0.0,2782066.0,0.0,False,Compliant,19.39
1181,1902,1.0,4,27838,0,27838,Office,43.70000076,1217509.125,0.0,1217509.0,0.0,False,Compliant,8.49
1182,1971,2.0,2,28368,0,28368,"Distribution Center, Office",41.5,1856230.625,0.0,1486130.0,370100.0,False,Compliant,30.02
1189,1964,1.0,2,92080,0,92080,Other,56.0,5155090.5,0.0,3179345.0,1975745.0,False,Compliant,127.1
1191,1961,1.0,1,20236,0,20236,Other - Recreation,97.09999847,1965182.25,0.0,1187424.0,777758.0,False,Compliant,49.58
1192,1951,1.0,2,39815,0,39815,"Non-Refrigerated Warehouse, Office",51.5,2050600.75,0.0,1488811.0,561790.0,False,Compliant,40.22
1194,1970,1.0,4,25557,0,25557,Residential Care Facility,89.19999695,2280352.5,0.0,2280352.0,0.0,False,Compliant,15.9
1195,1958,1.0,2,26994,0,26994,"Office, Other - Services",114.0,3076813.25,0.0,881662.0,2195151.0,False,Compliant,122.73
1196,1972,1.0,1,48112,0,48112,Non-Refrigerated Warehouse,30.89999962,1485945.875,0.0,1485946.0,0.0,False,Compliant,10.36
1197,2009,1.0,1,20909,0,20909,"Other - Public Services, Parking",63.40000153,1208029.25,0.0,678411.0,529618.0,False,Compliant,32.86
1198,2001,1.0,2,42793,16518,26275,"Office, Parking",67.40000153,1772188.5,0.0,1772188.0,0.0,False,Compliant,12.35
1201,2007,1.0,2,45000,0,45000,Other - Recreation,131.3999939,5912066.0,0.0,2973668.0,2938397.0,False,Compliant,176.79
1203,1998,1.0,1,26115,0,26115,Retail Store,64.69999695,1689372.625,0.0,1148350.0,541023.0,False,Compliant,36.74
1205,1949,1.0,1,26033,0,26033,"Parking, Worship Facility",38.20000076,1149140.25,0.0,340323.0,808817.0,False,Compliant,45.33
1207,2007,1.0,4,48660,0,48660,K-12 School,38.0,1881516.125,0.0,822509.0,1059007.0,False,Compliant,61.98
1208,1970,1.0,2,46539,0,46539,Senior Care Community,116.0,5400049.5,0.0,2306556.0,3093493.0,False,Compliant,180.38
1210,1909,1.0,4,29796,0,29796,Residence Hall/Dormitory,75.0,2233262.0,0.0,845812.0,1387450.0,False,Compliant,79.58
1211,1920,1.0,2,26400,0,26400,"Office, Parking, Retail Store",45.5,983595.875,0.0,761163.0,222433.0,False,Compliant,17.12
1212,1918,1.0,3,38148,0,38148,"Office, Retail Store",25.10000038,1262255.75,0.0,1262255.0,0.0,False,Compliant,8.8
1214,1928,1.0,2,28800,0,28800,"Non-Refrigerated Warehouse, Office",15.89999962,456953.0,0.0,249311.0,207642.0,False,Compliant,12.77
1215,1955,1.0,5,31945,0,31945,"Parking, Worship Facility",56.5,1806468.0,0.0,1806468.0,0.0,False,Compliant,12.59
1220,1985,1.0,5,85963,33055,52908,"Office, Parking",84.69999695,4480961.0,0.0,4480960.0,0.0,False,Compliant,31.24
1226,1900,1.0,4,34680,0,34680,Retail Store,33.70000076,1169948.875,0.0,774990.0,394959.0,False,Compliant,26.38
1227,1968,1.0,3,75058,34510,40548,Worship Facility,74.40000153,5587347.0,0.0,1057107.0,4530240.0,False,Compliant,247.97
1229,1903,1.0,3,57720,0,57720,Office,1.0,24105.5,0.0,24105.0,0.0,False,Non-Compliant,0.17
1230,1915,1.0,1,36504,0,36504,Retail Store,129.6999969,2100982.75,0.0,1968493.0,132489.0,False,Compliant,20.76
1231,1907,1.0,6,35200,0,35200,Office,85.19999695,2998208.25,0.0,2998208.0,0.0,False,Compliant,20.9
1232,1907,1.0,5,35840,0,35840,Office,42.90000153,1538750.625,0.0,723240.0,815511.0,False,Compliant,48.35
1233,1941,1.0,2,25920,0,25920,Bank Branch,57.40000153,1333432.125,0.0,1333432.0,0.0,False,Compliant,9.3
1234,1928,1.0,4,30525,0,30525,"Office, Retail Store",132.8000031,2883139.0,762032.8125,2121106.0,0.0,False,Compliant,73.61
1237,1964,1.0,4,49243,0,49243,Other/Specialty Hospital,162.1000061,8476183.0,0.0,7560588.0,915594.0,False,Compliant,101.34
1244,1912,0.0,3,20411,0,20411,Social/Meeting Hall,98.69999695,2014475.875,0.0,774943.0,1239533.0,False,Compliant,71.23
1252,1962,1.0,2,30855,10285,20570,Medical Office,136.6000061,2946756.25,0.0,1537788.0,1408968.0,False,Compliant,85.55
1253,1910,1.0,3,73549,0,73549,"Office, Worship Facility",38.5,2828950.5,0.0,927581.0,1901370.0,False,Compliant,107.45
1255,1988,1.0,5,45780,11400,34380,"Other - Education, Parking",236.6999969,10834087.0,5473370.5,5305454.0,55262.0,False,Compliant,462.4
1256,1963,0.0,3,39115,0,39115,Medical Office,74.69999695,3735308.5,0.0,2998320.0,736988.0,False,Compliant,60.04
1257,1916,1.0,3,38038,0,38038,"Food Service, Office, Other - Entertainment/Public Assembly",29.5,1107290.625,682047.625,425243.0,0.0,False,Compliant,55.61
1258,1962,1.0,3,37796,0,37796,"Parking, Worship Facility",46.5,2465983.5,1379517.75,883838.0,202628.0,False,Compliant,123.41
1262,1993,1.0,1,27744,0,27744,"Data Center, Office, Other",193.0,5355753.0,0.0,5355752.0,0.0,False,Compliant,37.34
1263,1960,1.0,1,36444,0,36444,Non-Refrigerated Warehouse,4.400000095,161311.0938,0.0,161311.0,0.0,False,Compliant,1.12
1264,1950,1.0,1,27553,0,27553,Non-Refrigerated Warehouse,35.09999847,966677.125,0.0,427592.0,539085.0,False,Compliant,31.61
1265,1951,3.0,1,57310,0,57310,Distribution Center,21.89999962,1253745.5,0.0,687408.0,566337.0,False,Compliant,34.87
1266,1920,1.0,2,25920,0,25920,"Office, Other, Other - Services, Residence Hall/Dormitory, Restaurant",38.20000076,989079.5,0.0,779325.0,209754.0,False,Compliant,16.57
1267,1919,1.0,3,40686,0,40686,Restaurant,51.79999924,2106073.5,0.0,842032.0,1264041.0,False,Compliant,73.0
1268,1964,1.0,2,45271,0,45271,Retail Store,56.40000153,2553763.5,0.0,1146853.0,1406910.0,False,Compliant,82.72
1269,1920,1.0,3,28380,12180,16200,Office,48.40000153,1372213.375,0.0,804313.0,567900.0,False,Compliant,35.77
1270,2009,1.0,5,508160,0,508160,"Food Service, Office, Parking",82.09999847,28053172.0,0.0,21725258.0,6327910.0,False,Compliant,487.53
1271,1926,1.0,3,26176,0,26176,Office,40.70000076,966907.375,0.0,417532.0,549375.0,False,Compliant,32.09
1272,1926,1.0,1,37740,0,37740,"Office, Parking",198.6000061,7442314.5,0.0,6974197.0,468117.0,False,Compliant,73.48
1273,1961,1.0,1,26000,0,26000,Other,105.9000015,5277482.5,2097789.75,3179693.0,0.0,False,Compliant,184.09
1275,2009,1.0,3,23241,0,23241,Worship Facility,31.79999924,739210.5,0.0,403459.0,335751.0,False,Compliant,20.64
1276,1962,1.0,1,155795,0,155795,Other,113.4000015,17673018.0,0.0,14798552.0,2874465.0,False,Compliant,255.83
1277,2002,1.0,1,21018,0,21018,Other,83.80000305,1761137.5,175780.0,1585357.0,0.0,False,Compliant,24.62
1278,1998,1.0,1,30533,0,30533,Museum,206.1999969,5903015.0,0.0,2630916.0,3272098.0,False,Compliant,192.12
1279,1961,1.0,2,33971,0,33971,Other - Recreation,353.7000122,17686444.0,0.0,9002735.0,8683709.0,False,Compliant,523.95
1280,1992,1.0,2,40600,0,40600,Other,56.40000153,2485521.0,137900.0,1509514.0,374537.0,False,Compliant,41.06
1281,1999,1.0,4,38038,0,38038,"Office, Parking",52.70000076,2003807.75,0.0,2003807.0,0.0,False,Compliant,13.97
1282,2007,1.0,4,64596,24596,40000,"Office, Parking",60.70000076,2524228.25,0.0,1219486.0,1304742.0,False,Compliant,77.8
1283,1928,1.0,3,41466,6062,35404,"Laboratory, Office, Parking",227.5,9190442.0,0.0,5506689.0,3683752.0,False,Compliant,234.03
1285,2013,1.0,6,130710,100800,29910,"Bank Branch, Office, Parking, Restaurant",56.79999924,7429423.0,0.0,6677063.0,752359.0,False,Compliant,86.51
1286,1926,1.0,4,35780,0,35780,"Office, Parking, Retail Store",62.59999847,1912760.75,0.0,1912760.0,0.0,False,Compliant,13.33
1288,1964,1.0,4,25132,7308,17824,"Office, Parking, Restaurant",55.59999847,564754.1875,0.0,564754.0,0.0,False,Compliant,3.94
1291,1966,1.0,1,49680,0,49680,Other,57.29999924,2844685.0,1427730.0,1310105.0,0.0,False,Compliant,119.34
1292,1962,1.0,1,36314,0,36314,Other,50.5,1832808.75,204650.0,1110431.0,391578.0,False,Compliant,44.33
1293,1916,1.0,2,25920,0,25920,"Other - Entertainment/Public Assembly, Restaurant, Retail Store",62.09999847,1257774.625,0.0,1257774.0,0.0,False,Compliant,8.77
1294,1919,1.0,4,47686,0,47686,"Office, Retail Store",60.90000153,2071670.25,897694.0,1173976.0,0.0,False,Compliant,77.48
1295,1900,1.0,3,49760,0,49760,Other,1.799999952,44293.5,0.0,44294.0,0.0,False,Non-Compliant,0.31
1297,1900,1.0,2,49280,0,49280,"Food Sales, Office, Restaurant, Retail Store, Self-Storage Facility, Social/Meeting Hall",110.3000031,5437110.5,0.0,4128496.0,1308614.0,False,Compliant,98.28
1300,1942,1.0,4,45500,0,45500,"Bar/Nightclub, Food Sales, Multifamily Housing, Restaurant, Retail Store, Self-Storage Facility",85.19999695,3778355.0,0.0,3778355.0,0.0,False,Compliant,26.34
1301,1912,1.0,2,25380,0,25380,"Food Sales, Office, Restaurant",271.8999939,6901554.0,0.0,3202277.0,3699277.0,False,Compliant,218.79
1302,1915,1.0,6,40715,0,40715,"Non-Refrigerated Warehouse, Office, Retail Store",69.5,2827772.75,0.0,2282146.0,545627.0,False,Compliant,44.89
1306,1990,1.0,4,82065,34800,47265,"Office, Parking, Retail Store",41.29999924,1717130.875,0.0,1717131.0,0.0,False,Compliant,11.97
1308,1910,1.0,4,36160,0,36160,Office,51.5,1862176.875,0.0,1862177.0,0.0,False,Compliant,12.98
1309,1918,1.0,1,34617,0,34617,"Food Sales, Manufacturing/Industrial Plant, Office, Other - Entertainment/Public Assembly, Other - Restaurant/Bar, Restaurant, Retail Store, Self-Storage Facility",148.3999939,5136604.5,0.0,2805989.0,2330615.0,False,Compliant,143.34
1314,1909,1.0,5,66900,0,66900,Office,24.0,1634178.25,0.0,1574921.0,59257.0,False,Compliant,14.13
1315,1910,1.0,3,29340,0,29340,"Multifamily Housing, Office, Restaurant",79.59999847,2160420.0,0.0,839832.0,1320588.0,False,Compliant,75.99
1317,1930,0.0,2,22710,0,22710,Food Service,12.69999981,287763.5,0.0,287763.0,0.0,False,Compliant,2.01
1320,2000,1.0,3,50499,13540,36959,"Office, Parking",86.69999695,3205182.5,0.0,3202764.0,2418.0,False,Compliant,22.46
1321,1964,1.0,5,54465,9605,44860,"Office, Parking",62.09999847,3600571.25,0.0,3251200.0,349371.0,False,Compliant,41.22
1322,1930,1.0,2,45960,0,45960,K-12 School,90.69999695,4167253.75,0.0,834638.0,3332616.0,False,Compliant,182.81
1326,1959,1.0,2,21128,0,21128,Office,20.70000076,436604.0938,0.0,436604.0,0.0,False,Compliant,3.04
1328,2008,1.0,4,274442,0,274442,"Hotel, Multifamily Housing, Parking, Retail Store",54.20000076,9155568.0,0.0,5764988.0,3390579.0,False,Compliant,220.26
1329,2013,1.0,3,51552,0,51552,"Data Center, Office",28.10000038,1539066.375,0.0,1539066.0,0.0,False,Compliant,10.73
1330,1959,1.0,4,38520,0,38520,Hotel,72.80000305,2804534.0,0.0,1597279.0,1207255.0,False,Compliant,75.25
1331,1961,1.0,3,29186,4256,24930,Hotel,45.59999847,867184.375,0.0,343234.0,523951.0,False,Compliant,30.22
1333,1960,1.0,1,27338,0,27338,Worship Facility,21.29999924,581289.0,0.0,581289.0,0.0,False,Compliant,4.05
1335,1999,1.0,2,85750,65640,20110,"K-12 School, Parking",102.3000031,2045592.0,0.0,669413.0,1376179.0,False,Compliant,77.76
1337,1962,1.0,2,34416,0,34416,"Laboratory, Office, Parking",349.1000061,12015936.0,0.0,4675400.0,7340535.0,False,Compliant,422.45
1338,1930,1.0,3,45864,0,45864,Office,56.5,2590622.0,0.0,480350.0,2110272.0,False,Compliant,115.43
1340,1999,1.0,2,49252,0,49252,K-12 School,57.09999847,3485865.5,0.0,1738749.0,1747116.0,False,Compliant,104.91
1347,1950,1.0,1,34005,0,34005,K-12 School,19.70000076,991918.0,0.0,921835.0,70083.0,True,Error - Correct Default Data,10.15
1349,1949,1.0,1,41221,0,41221,K-12 School,36.90000153,2246747.5,0.0,1579221.0,667526.0,True,Error - Correct Default Data,46.46
1351,1987,1.0,3,33176,0,33176,"Office, Parking",43.0,1426279.5,0.0,862441.0,563838.0,False,Compliant,35.96
1352,1993,1.0,3,25194,3764,21430,"Medical Office, Office, Retail Store",87.69999695,1878742.875,0.0,950029.0,928714.0,False,Compliant,55.95
1355,2000,1.0,2,75605,0,75605,K-12 School,30.10000038,2274873.5,0.0,1520396.0,754477.0,True,Error - Correct Default Data,50.67
1356,2008,1.0,2,29525,0,29525,K-12 School,44.0,1297812.75,0.0,964739.0,333074.0,True,Error - Correct Default Data,24.42
1359,1977,1.0,99,21948,0,21948,Worship Facility,14.89999962,326001.1875,0.0,326001.0,0.0,False,Compliant,2.27
1360,1927,1.0,3,31191,0,31191,"Other - Recreation, Self-Storage Facility",188.3999939,5876439.0,0.0,3123654.0,2752785.0,False,Compliant,167.98
1361,1954,1.0,1,42292,0,42292,K-12 School,0.0,0.0,0.0,0.0,0.0,True,Error - Correct Default Data,0.0
1362,1947,1.0,1,37377,0,37377,"Office, Repair Services (Vehicle, Shoe, Locksmith, etc), Retail Store",85.40000153,3040978.0,0.0,1078845.0,1962133.0,False,Compliant,111.73
1364,1977,1.0,1,29380,0,29380,"Non-Refrigerated Warehouse, Office, Other",29.10000038,856088.625,0.0,856089.0,0.0,False,Compliant,5.97
1373,1922,1.0,2,22688,0,22688,Worship Facility,14.60000038,331675.0,0.0,228628.0,103047.0,False,Compliant,7.07
1391,1962,1.0,2,22364,0,22364,"Adult Education, Parking",65.59999847,1467029.75,0.0,508870.0,958160.0,False,Compliant,54.44
1392,1982,1.0,2,41262,0,41262,Office,46.70000076,1903455.875,0.0,1903455.0,0.0,False,Compliant,13.27
1405,1953,1.0,2,43183,0,43183,"Data Center, Office",194.6000061,7408342.0,0.0,6523873.0,884468.0,False,Compliant,92.45
1408,1908,1.0,3,45680,0,45680,Worship Facility,45.5,2077039.375,0.0,509352.0,1567688.0,False,Compliant,86.81
1418,2006,1.0,14,724148,0,724148,Senior Care Community,52.09999847,37797084.0,0.0,23718388.0,14078694.0,False,Compliant,913.07
1422,1957,1.0,1,23562,0,23562,"Office, Worship Facility",15.89999962,531737.1875,0.0,531737.0,0.0,False,Compliant,3.71
1425,1999,1.0,4,28844,0,28844,"Office, Other",44.40000153,910718.6875,0.0,910718.0,0.0,False,Compliant,6.35
1426,1988,1.0,2,54528,0,54528,K-12 School,36.29999924,1972078.625,0.0,1972078.0,0.0,True,Error - Correct Default Data,13.75
1429,1989,1.0,1,21101,0,21101,"Non-Refrigerated Warehouse, Office",32.0,675772.875,0.0,171716.0,504057.0,False,Compliant,27.97
1430,1914,1.0,2,45594,0,45594,Refrigerated Warehouse,29.60000038,1351267.875,0.0,1351268.0,0.0,False,Compliant,9.42
1431,1950,1.0,1,26660,0,26660,Manufacturing/Industrial Plant,84.09999847,2241280.5,0.0,2241280.0,0.0,False,Compliant,15.62
1432,1975,1.0,1,28126,0,28126,"Non-Refrigerated Warehouse, Office",31.0,870625.8125,0.0,598370.0,272256.0,False,Compliant,18.63
1433,1964,1.0,1,35000,0,35000,Non-Refrigerated Warehouse,10.80000019,378714.4063,0.0,378714.0,0.0,False,Compliant,2.64
1434,1962,1.0,1,26150,0,26150,Non-Refrigerated Warehouse,46.20000076,1208407.625,0.0,815508.0,392900.0,False,Compliant,26.55
1435,1967,1.0,2,24000,0,24000,Office,45.40000153,1088556.25,0.0,1088556.0,0.0,False,Compliant,7.59
1436,1968,1.0,5,43594,0,43594,K-12 School,60.70000076,2478045.5,0.0,1264732.0,1213313.0,False,Compliant,73.26
1442,1912,1.0,1,28080,0,28080,"Distribution Center, Office",28.29999924,794724.625,0.0,513012.0,281713.0,False,Compliant,18.54
1456,1954,1.0,2,51298,0,51298,Senior Care Community,110.1999969,5655578.0,0.0,2094607.0,3560971.0,False,Compliant,203.73
1458,1962,1.0,1,22047,0,22047,"Parking, Worship Facility",11.60000038,265774.9063,0.0,265775.0,0.0,False,Compliant,1.85
1462,1979,1.0,1,31600,0,31600,Non-Refrigerated Warehouse,106.4000015,3363535.5,0.0,1633306.0,1730229.0,False,Compliant,103.28
1463,2007,1.0,1,35289,0,35289,Non-Refrigerated Warehouse,24.79999924,876425.0,0.0,490823.0,385602.0,False,Compliant,23.9
1464,1981,1.0,1,28920,0,28920,Non-Refrigerated Warehouse,58.29999924,1750419.0,0.0,279044.0,1471375.0,False,Compliant,80.09
1465,1978,1.0,1,22176,0,22176,Non-Refrigerated Warehouse,33.20000076,736428.625,0.0,137469.0,598959.0,False,Compliant,32.77
1466,1978,1.0,1,31300,0,31300,Non-Refrigerated Warehouse,11.60000038,362874.0,0.0,220913.0,141961.0,True,Error - Correct Default Data,9.08
1467,1979,1.0,1,22000,0,22000,"Non-Refrigerated Warehouse, Parking",31.79999924,700627.625,0.0,700628.0,0.0,True,Error - Correct Default Data,4.88
1468,1974,1.0,3,39927,0,39927,"Office, Parking",90.19999695,3568419.5,0.0,3568419.0,0.0,False,Compliant,24.88
1469,1979,1.0,1,30610,0,30610,"Office, Other - Recreation",140.3000031,4294550.0,0.0,1999987.0,2294563.0,False,Compliant,135.81
1470,1980,1.0,2,26930,6350,20580,Medical Office,37.20000076,1002995.0,0.0,1002995.0,0.0,False,Compliant,6.99
1471,1968,1.0,2,38745,0,38745,"Medical Office, Parking",44.40000153,2890379.0,0.0,2251578.0,638800.0,False,Compliant,49.62
1472,1959,1.0,2,20296,0,20296,Self-Storage Facility,42.20000076,855665.125,0.0,855665.0,0.0,False,Compliant,5.97
1473,1945,1.0,2,22135,0,22135,"Medical Office, Non-Refrigerated Warehouse, Office, Retail Store",55.0,1261634.5,0.0,858099.0,403535.0,False,Compliant,27.41
1474,1967,1.0,3,38378,0,38378,"Medical Office, Parking",46.90000153,1645605.125,0.0,729620.0,915985.0,False,Compliant,53.73
1475,1980,1.0,2,33576,0,33576,Non-Refrigerated Warehouse,38.0,1275231.75,0.0,390124.0,885108.0,False,Compliant,49.73
1476,1975,1.0,1,33005,0,33005,"Parking, Supermarket/Grocery Store",304.2000122,10642754.0,0.0,7359683.0,3283070.0,False,Compliant,225.67
1481,1981,1.0,1,20971,0,20971,"Bank Branch, Medical Office, Parking, Retail Store",33.29999924,729397.1875,0.0,729397.0,0.0,False,Compliant,5.08
1486,1927,1.0,3,23910,0,23910,"Office, Retail Store",36.5,873577.3125,0.0,678167.0,195410.0,False,Compliant,15.11
1488,1910,1.0,2,21765,0,21765,Worship Facility,19.79999924,431390.4063,0.0,119922.0,311468.0,False,Compliant,17.38
1494,1939,1.0,2,2200000,0,2200000,"College/University, Parking",66.69999695,114648520.0,0.0,61672821.0,52975694.0,False,Compliant,3243.48
1496,1901,1.0,2,26560,0,26560,Worship Facility,65.90000153,1751483.875,0.0,609983.0,1141501.0,False,Compliant,64.88
1497,1957,1.0,2,20140,0,20140,Non-Refrigerated Warehouse,5.800000191,116486.6016,0.0,116487.0,0.0,False,Compliant,0.81
1508,1992,1.0,2,38845,0,38845,"Parking, Retail Store",178.1000061,6917280.0,0.0,3290526.0,3626753.0,False,Compliant,215.56
1509,1953,1.0,1,26092,0,26092,"Parking, Supermarket/Grocery Store",293.7000122,7619445.0,0.0,5004995.0,2614450.0,False,Compliant,173.75
1510,1955,1.0,1,38582,0,38582,K-12 School,45.79999924,1848878.5,0.0,729477.0,1119402.0,True,Error - Correct Default Data,64.54
1512,1967,1.0,1,25500,0,25500,Office,47.59999847,1213869.75,0.0,198748.0,1015122.0,False,Compliant,55.3
1513,1961,1.0,1,41895,0,41895,"Non-Refrigerated Warehouse, Office",31.0,1242311.5,0.0,886222.0,356089.0,False,Compliant,25.09
1514,1958,1.0,2,56193,0,56193,Retail Store,44.5,2497942.75,0.0,1858950.0,638992.0,False,Compliant,46.9
1518,1922,1.0,3,35448,0,35448,K-12 School,38.90000153,1379932.5,0.0,280549.0,1099383.0,False,Compliant,60.34
1519,1966,1.0,1,29214,0,29214,Supermarket/Grocery Store,319.6000061,9336239.0,0.0,6227281.0,3108958.0,False,Compliant,208.53
1522,2000,1.0,1,89103,43035,46068,"Parking, Supermarket/Grocery Store",298.2999878,14029480.0,0.0,7808020.0,6221459.0,False,Compliant,384.85
1523,1961,1.0,1,32000,0,32000,"Office, Other - Recreation",38.5,1331122.125,0.0,548631.0,782491.0,False,Compliant,45.38
1524,1910,1.0,2,31140,0,31140,"Non-Refrigerated Warehouse, Other, Retail Store",30.0,935580.3125,0.0,234613.0,700967.0,False,Compliant,38.86
1525,1975,1.0,3,41478,0,41478,"Non-Refrigerated Warehouse, Office",73.19999695,3035962.25,0.0,1799383.0,1236579.0,False,Compliant,78.22
1526,1980,1.0,1,39840,0,39840,Non-Refrigerated Warehouse,18.89999962,752104.0,0.0,752104.0,0.0,False,Compliant,5.24
1534,2004,1.0,1,30576,15576,15000,"Library, Other - Services",84.69999695,1533245.75,0.0,930038.0,603208.0,False,Compliant,38.52
1537,1924,1.0,2,21528,0,21528,Social/Meeting Hall,14.30000019,306911.0938,0.0,209914.0,96997.0,False,Compliant,6.61
1538,1928,1.0,2,30000,0,30000,"Parking, Strip Mall",42.40000153,1094940.75,0.0,975561.0,119380.0,False,Compliant,13.14
1557,1942,1.0,2,30087,0,30087,Other,172.6000061,5274642.0,0.0,5274641.0,0.0,False,Compliant,36.77
1558,1975,1.0,1,40445,0,40445,Worship Facility,19.39999962,786253.6875,0.0,271219.0,515035.0,False,Compliant,29.24
1559,1996,1.0,1,23500,0,23500,Retail Store,48.40000153,1137967.5,0.0,1021883.0,116084.0,False,Compliant,13.29
1560,1967,1.0,1,22420,0,22420,Retail Store,60.90000153,1404253.75,0.0,927422.0,476832.0,False,Compliant,31.79
1563,1961,1.0,1,25842,0,25842,Supermarket/Grocery Store,327.7999878,8518313.0,0.0,4656997.0,3861316.0,False,Compliant,237.54
1565,1992,1.0,3,26389,0,26389,"Fitness Center/Health Club/Gym, Office",45.79999924,1208035.375,0.0,1208035.0,0.0,False,Compliant,8.42
1566,1982,1.0,3,25859,0,25859,"Office, Parking",33.20000076,858780.625,0.0,665707.0,193073.0,False,Compliant,14.9
1567,1974,1.0,1,25600,0,25600,"Non-Refrigerated Warehouse, Office",67.59999847,1730600.625,0.0,1249609.0,480992.0,False,Compliant,34.26
1568,1965,1.0,1,23169,0,23169,Manufacturing/Industrial Plant,21.79999924,222255.9063,0.0,222256.0,0.0,False,Compliant,1.55
1569,2008,1.0,4,41784,8399,33385,"Office, Parking",38.79999924,1294615.25,0.0,1294615.0,0.0,False,Compliant,9.03
1570,1960,1.0,1,56884,0,56884,Non-Refrigerated Warehouse,24.39999962,1388345.125,0.0,785464.0,602881.0,False,Compliant,37.49
1573,1989,1.0,1,32810,0,32810,Retail Store,61.5,2017967.75,0.0,1316268.0,701700.0,False,Compliant,46.44
1576,1980,1.0,3,30989,0,30989,Self-Storage Facility,3.200000048,97690.39844,0.0,97690.0,0.0,False,Compliant,0.68
1577,1915,1.0,3,39952,0,39952,Self-Storage Facility,1.399999976,57133.19922,0.0,57133.0,0.0,False,Compliant,0.4
1581,1961,1.0,2,20022,0,20022,Office,31.60000038,657385.8125,0.0,657386.0,0.0,False,Compliant,4.58
1582,1960,1.0,2,36498,0,36498,"Distribution Center, Non-Refrigerated Warehouse",14.69999981,520011.8125,0.0,277628.0,242384.0,False,Compliant,14.81
1583,1968,1.0,1,35946,0,35946,"Distribution Center, Office",13.10000038,469499.8125,0.0,300259.0,169240.0,False,Compliant,11.08
1584,2007,1.0,4,30152,5680,24472,"Office, Parking",33.59999847,845044.125,0.0,844068.0,976.0,False,Compliant,5.94
1585,1979,1.0,4,22365,0,22365,Office,33.59999847,727385.8125,0.0,727386.0,0.0,False,Compliant,5.07
1586,1994,1.0,4,30172,0,30172,Office,30.0,904059.875,0.0,904060.0,0.0,False,Compliant,6.3
1590,1927,1.0,4,42500,0,42500,"Non-Refrigerated Warehouse, Retail Store",5.099999905,241478.5938,0.0,241478.0,0.0,False,Compliant,1.68
1591,1901,1.0,4,23032,0,23032,"Office, Restaurant, Retail Store",52.90000153,1121537.75,0.0,1121537.0,0.0,False,Compliant,7.82
1593,1900,1.0,3,45750,4914,40836,"Other, Parking",169.0,7240274.0,0.0,1749609.0,5490664.0,False,Compliant,303.81
1595,1968,1.0,2,23500,0,23500,Office,71.80000305,1686405.0,0.0,1192984.0,493421.0,False,Compliant,34.52
1596,1966,1.0,1,22282,0,22282,Office,26.0,579888.3125,0.0,306298.0,273590.0,False,Compliant,16.67
1597,1902,1.0,2,24000,0,24000,Self-Storage Facility,21.0,502898.6875,0.0,201999.0,300900.0,False,Compliant,17.39
1599,1909,1.0,3,27085,0,27085,"Multifamily Housing, Office, Other, Strip Mall",73.69999695,1995131.75,0.0,981638.0,1013494.0,False,Compliant,60.67
1606,1996,0.0,2,29258,0,29258,"Fitness Center/Health Club/Gym, Other - Recreation, Swimming Pool",233.5,8086943.5,0.0,2608582.0,5478361.0,False,Compliant,309.14
1607,1931,1.0,2,37500,0,37500,Office,59.59999847,2235765.5,0.0,1614256.0,621509.0,False,Compliant,44.26
1609,1930,1.0,3,23983,0,23983,K-12 School,48.5,1164364.75,0.0,618998.0,545367.0,False,Compliant,33.28
1610,1980,1.0,1,24100,0,24100,"Distribution Center, Non-Refrigerated Warehouse",34.29999924,809870.8125,0.0,271509.0,538362.0,False,Compliant,30.49
1611,1971,1.0,1,23772,0,23772,Worship Facility,4.199999809,100841.7031,0.0,100842.0,0.0,False,Non-Compliant,0.7
1613,2004,3.0,2,31343,0,31343,K-12 School,74.69999695,3846501.25,0.0,1639135.0,2207366.0,False,Compliant,128.66
1619,1996,1.0,3,55912,22850,33062,"Office, Parking, Retail Store",74.09999847,2450442.75,0.0,2450443.0,0.0,False,Compliant,17.08
1620,1957,1.0,2,20294,0,20294,"Office, Other",85.5,1735995.75,0.0,536408.0,1199588.0,False,Compliant,67.45
1621,1983,1.0,4,40571,10849,29722,Office,53.59999847,1286817.375,0.0,1286817.0,0.0,False,Compliant,8.97
1622,1983,1.0,4,41707,15659,26048,"Office, Parking",42.09999847,1755788.5,0.0,1755788.0,0.0,False,Compliant,12.24
1623,1960,1.0,2,57644,0,57644,"Non-Refrigerated Warehouse, Office, Other - Services",39.70000076,2189735.0,0.0,1591510.0,598225.0,False,Compliant,42.87
1624,1955,1.0,2,39497,0,39497,"Non-Refrigerated Warehouse, Office",43.0,1700057.375,0.0,1344071.0,355986.0,False,Compliant,28.28
1634,1932,1.0,1,33087,0,33087,Other - Entertainment/Public Assembly,66.0,3548858.25,0.0,1443141.0,2105717.0,False,Compliant,121.9
1637,1982,1.0,2,27574,0,27574,Office,43.90000153,1211349.25,0.0,1211349.0,0.0,False,Compliant,8.44
1641,1965,1.0,1,24982,0,24982,Retail Store,13.39999962,335245.0,0.0,335245.0,0.0,True,Error - Correct Default Data,2.34
1643,1998,1.0,5,43661,0,43661,"Parking, Senior Care Community",90.19999695,3936421.5,0.0,2741695.0,1194726.0,False,Compliant,82.57
1648,1987,1.0,3,76105,27307,48798,Office,32.5,2472350.25,0.0,2472350.0,0.0,False,Compliant,17.24
1653,1952,1.0,2,32009,0,32009,"Non-Refrigerated Warehouse, Office, Retail Store",53.59999847,1998725.25,0.0,1340993.0,657732.0,False,Compliant,44.28
1656,1966,1.0,1,41615,0,41615,Retail Store,45.70000076,1900006.25,0.0,1900006.0,0.0,True,Error - Correct Default Data,13.25
1657,1988,1.0,3,28841,0,28841,Medical Office,50.59999847,1459199.75,0.0,955324.0,503875.0,False,Compliant,33.42
1658,1977,2.0,2,33344,0,33344,"Office, Parking, Self-Storage Facility",3.799999952,123767.2031,0.0,123767.0,0.0,False,Compliant,0.86
1659,2005,2.0,1,30498,0,30498,Other - Recreation,79.90000153,2436063.0,0.0,1066226.0,1369837.0,False,Compliant,80.19
1664,1924,1.0,2,42975,0,42975,K-12 School,44.79999924,959352.0,0.0,173165.0,786187.0,False,Compliant,42.96
1666,1963,1.0,1,23260,0,23260,"Office, Repair Services (Vehicle, Shoe, Locksmith, etc)",69.30000305,1612105.75,0.0,719779.0,892327.0,False,Compliant,52.41
1668,1988,1.0,2,30659,0,30659,"Data Center, Non-Refrigerated Warehouse, Office",72.40000153,2619088.5,0.0,1804388.0,814700.0,False,Compliant,55.85
1669,1920,1.0,2,27144,0,27144,Other,37.29999924,1012024.313,0.0,458796.0,553228.0,False,Compliant,32.58
1670,1970,5.0,1,23166,0,23166,Other,150.0,3475804.25,0.0,3.0,3475801.0,False,Compliant,184.6
1671,1979,1.0,2,34759,0,34759,"Medical Office, Parking",36.59999847,1633105.375,0.0,1633105.0,0.0,False,Compliant,11.39
1672,1966,8.0,1,415632,0,415632,"Hospital (General Medical & Surgical), Parking",204.6999969,98960776.0,0.0,42864158.0,56096612.0,False,Compliant,3278.11
1675,1965,1.0,2,44719,0,44719,"Medical Office, Office, Worship Facility",33.70000076,1614026.25,0.0,704681.0,909345.0,False,Compliant,53.21
1678,1965,1.0,1,21603,0,21603,Supermarket/Grocery Store,270.0,5833800.0,0.0,3900058.0,1933742.0,False,Compliant,129.89
1690,1964,1.0,3,591981,0,591981,"Medical Office, Other/Specialty Hospital, Outpatient Rehabilitation/Physical Therapy, Parking",173.3999939,102673696.0,0.0,48002292.0,54671394.0,False,Compliant,3238.24
1691,1979,1.0,1,42900,0,42900,Distribution Center,10.10000038,436252.5,0.0,436253.0,0.0,False,Compliant,3.04
1692,2005,5.0,1,57952,0,57952,Adult Education,53.29999924,3091387.5,0.0,1474450.0,1616937.0,False,Compliant,96.15
1693,1971,1.0,1,26232,0,26232,"Office, Other - Services",118.0,3094090.0,0.0,902081.0,2192009.0,False,Compliant,122.71
1698,1956,1.0,2,25840,0,25840,Non-Refrigerated Warehouse,12.10000038,313528.0938,0.0,313528.0,0.0,False,Compliant,2.19
1699,1988,1.0,1,45145,0,45145,Office,29.0,1268459.0,0.0,514491.0,753968.0,False,Compliant,43.63
1701,2001,1.0,5,70332,22095,48237,"Office, Parking",44.59999847,1981115.25,0.0,1866104.0,115011.0,False,Compliant,19.12
1717,1971,1.0,1,50546,0,50546,K-12 School,21.70000076,1155080.5,0.0,1066312.0,88768.0,True,Error - Correct Default Data,12.15
1726,1994,1.0,1,45522,0,45522,"Parking, Supermarket/Grocery Store",269.1000061,12250422.0,0.0,7019711.0,5230709.0,False,Compliant,326.74
1727,1979,1.0,2,20088,0,20088,"Office, Parking, Retail Store",16.70000076,326778.6875,0.0,326778.0,0.0,False,Compliant,2.28
1732,1989,5.0,2,138907,0,138907,Other,56.20000076,7837692.5,0.0,5130303.0,2707389.0,False,Compliant,179.55
1733,1997,1.0,2,40657,0,40657,"Office, Parking",69.5,2826828.0,0.0,2742404.0,84424.0,False,Compliant,23.6
1734,1900,1.0,1,20200,0,20200,"Non-Refrigerated Warehouse, Office",13.30000019,269016.6875,0.0,260808.0,8209.0,False,Compliant,2.25
1745,1904,1.0,1,44086,0,44086,Residence Hall/Dormitory,82.80000305,3652708.75,1920474.25,1218944.0,513291.0,False,Compliant,184.0
1746,1970,1.0,7,54372,20824,33548,"Office, Parking",25.79999924,1403820.0,0.0,1403820.0,0.0,False,Compliant,9.79
1753,1951,1.0,1,47699,0,47699,"Museum, Parking",309.0,14524386.0,8630381.0,5782654.0,111350.0,False,Compliant,712.39
1754,1945,1.0,0,274568,0,274568,"Medical Office, Parking",111.0,25311526.0,13296249.0,12015275.0,0.0,False,Compliant,1110.07
1755,1956,1.0,3,21282,0,21282,Office,63.40000153,1245923.75,762542.3125,483381.0,0.0,False,Compliant,62.23
1757,1921,1.0,2,41022,0,41022,Other,92.30000305,3787648.25,0.0,3787648.0,0.0,False,Compliant,26.41
1760,1966,1.0,2,28109,0,28109,Other,128.5,3612526.75,0.0,3326281.0,286245.0,False,Compliant,38.39
1762,1985,1.0,3,33580,12990,20590,"Office, Parking",19.89999962,409578.4063,0.0,409579.0,0.0,False,Compliant,2.86
1766,1977,1.0,1,21936,0,21936,Non-Refrigerated Warehouse,5.199999809,113130.0,0.0,71827.0,41303.0,False,Compliant,2.69
1767,1969,1.0,1,30160,0,30160,Other,34.70000076,1045838.5,0.0,244597.0,801241.0,False,Compliant,44.26
1773,1909,1.0,11,111137,0,111137,"Bank Branch, Multifamily Housing, Office, Other, Retail Store",96.40000153,9546165.0,0.0,4602455.0,4943709.0,False,Compliant,294.65
1777,1997,1.0,1,40189,0,40189,"Office, Other - Utility, Parking",40.29999924,1509292.0,0.0,921235.0,588057.0,False,Compliant,37.65
1778,1988,1.0,2,66484,0,66484,"Non-Refrigerated Warehouse, Office, Retail Store",39.90000153,3046543.0,0.0,3046543.0,0.0,False,Compliant,21.24
1779,1959,1.0,3,25151,0,25151,Office,56.20000076,1356874.75,748984.6875,607890.0,0.0,False,Compliant,62.05
1780,1928,1.0,6,35770,0,35770,Hotel,73.80000305,2640980.25,0.0,605147.0,2035833.0,False,Compliant,112.34
1782,1928,1.0,9,48006,0,48006,Hotel,67.5,3239754.0,0.0,1533438.0,1706316.0,False,Compliant,101.31
1783,1960,1.0,2,29631,0,29631,"Office, Restaurant, Supermarket/Grocery Store",151.3000031,5144392.0,0.0,2737254.0,2407137.0,False,Compliant,146.93
1784,1989,1.0,2,23472,0,23472,"Office, Other, Retail Store",71.59999847,1625308.625,0.0,864104.0,761205.0,False,Compliant,46.45
1785,1973,1.0,2,21315,0,21315,Office,136.8999939,2796425.0,0.0,820533.0,1975892.0,False,Compliant,110.66
1806,1984,1.0,4,57110,15812,41298,"Office, Parking",59.40000153,2190460.0,0.0,1994494.0,195966.0,False,Compliant,24.31
1811,1979,1.0,3,34030,0,34030,Office,51.40000153,1748629.875,0.0,1530330.0,218300.0,False,Compliant,22.26
1817,1902,1.0,2,20398,0,20398,"Office, Restaurant",456.6000061,9313513.0,0.0,3478554.0,5834959.0,False,Compliant,334.15
1818,1952,1.0,1,41308,0,41308,Distribution Center,39.79999924,1642471.5,0.0,1054767.0,587704.0,False,Compliant,38.57
1839,1913,1.0,3,43878,0,43878,"Multifamily Housing, Non-Refrigerated Warehouse, Office, Retail Store",23.39999962,769771.3125,0.0,769771.0,0.0,False,Compliant,5.37
1840,1912,1.0,3,34976,0,34976,Performing Arts,25.0,873711.125,0.0,665472.0,208239.0,False,Compliant,15.7
1861,1957,1.0,1,38255,0,38255,Non-Refrigerated Warehouse,25.79999924,985401.8125,0.0,401825.0,583577.0,False,Compliant,33.8
1862,1955,23.0,1,260241,0,260241,Other,130.6999969,34012980.0,0.0,26894616.0,7118362.0,False,Compliant,565.55
1870,1989,1.0,3,48924,0,48924,"Office, Parking",72.90000153,2282551.25,0.0,1343373.0,939178.0,False,Compliant,59.24
1875,1959,1.0,4,50333,18036,32297,Office,31.79999924,1602084.375,0.0,1602084.0,0.0,False,Compliant,11.17
1876,1986,1.0,4,57432,21906,35526,"Office, Parking",73.80000305,2520483.25,0.0,2520483.0,0.0,False,Compliant,17.57
1877,1969,1.0,3,25912,7956,17956,"Office, Parking",38.5,666740.3125,0.0,666740.0,0.0,False,Compliant,4.65
1878,2000,1.0,3,57132,21908,35224,"Office, Parking",59.20000076,1994967.75,0.0,1994967.0,0.0,False,Compliant,13.91
1884,1957,1.0,2,24224,0,24224,"Parking, Worship Facility",40.0,968026.3125,0.0,534935.0,433091.0,False,Compliant,26.73
1885,1963,1.0,1,23706,0,23706,Worship Facility,16.89999962,400770.9063,0.0,176869.0,223902.0,False,Compliant,13.12
1887,1963,1.0,1,31900,0,31900,"Non-Refrigerated Warehouse, Office",61.40000153,1964681.25,0.0,1964681.0,0.0,False,Compliant,13.7
1889,1917,1.0,1,49066,0,49066,Social/Meeting Hall,78.30000305,3835202.0,0.0,538005.0,3297197.0,False,Compliant,178.86
1890,1952,1.0,3,30740,0,30740,"Other - Recreation, Worship Facility",42.20000076,1686262.25,0.0,612433.0,1073829.0,False,Compliant,61.3
1893,1959,1.0,1,67450,0,67450,Supermarket/Grocery Store,66.5,2842819.5,0.0,2061754.0,781065.0,False,Compliant,55.86
1894,1958,1.0,1,39971,0,39971,K-12 School,0.0,0.0,0.0,0.0,945537.0,False,Missing Data,50.22
1897,1948,1.0,1,46970,0,46970,Non-Refrigerated Warehouse,18.79999924,882896.5,0.0,882896.0,0.0,False,Compliant,6.16
1898,1931,1.0,1,47554,0,47554,"Non-Refrigerated Warehouse, Office, Other, Parking, Retail Store",33.29999924,1035554.688,0.0,844482.0,191073.0,False,Compliant,16.04
1899,1979,1.0,2,43016,5400,37616,Office,28.70000076,1234095.5,0.0,107823.0,1126273.0,False,Compliant,60.57
1900,1931,1.0,1,24196,0,24196,"Medical Office, Non-Refrigerated Warehouse, Office, Other",43.59999847,1055033.0,0.0,731279.0,323754.0,False,Compliant,22.29
1901,1940,1.0,2,20671,0,20671,Office,30.89999962,638507.125,0.0,198321.0,440186.0,False,Compliant,24.76
1903,1927,1.0,1,21600,0,21600,Non-Refrigerated Warehouse,23.10000038,499828.5938,0.0,264154.0,235675.0,False,Compliant,14.36
1907,1977,1.0,1,35844,0,35844,Worship Facility,24.20000076,866126.375,0.0,866126.0,0.0,False,Compliant,6.04
1908,1916,1.0,3,31774,0,31774,"Office, Parking, Retail Store",48.40000153,1639136.25,0.0,1477827.0,161309.0,False,Compliant,18.87
1922,1953,1.0,1,26094,0,26094,Non-Refrigerated Warehouse,27.20000076,709990.8125,0.0,709991.0,0.0,False,Compliant,4.95
1923,1983,1.0,2,23687,0,23687,Office,45.79999924,1084553.75,0.0,1084554.0,0.0,False,Compliant,7.56
1924,1983,1.0,2,24221,0,24221,Office,59.29999924,1435562.75,0.0,1435563.0,0.0,False,Compliant,10.01
1925,1900,1.0,2,71919,14083,57836,"Office, Parking, Retail Store",93.40000153,5381105.0,0.0,5381104.0,0.0,False,Compliant,37.51
1926,1900,1.0,2,32027,0,32027,"Office, Retail Store",124.9000015,3999505.25,0.0,1820615.0,2178890.0,False,Compliant,128.41
1927,1906,1.0,3,32160,0,32160,"Office, Retail Store",56.20000076,2805826.0,0.0,2805826.0,0.0,False,Compliant,19.56
1928,1992,1.0,3,47836,7572,40264,"Other - Lodging/Residential, Parking",81.69999695,3540225.75,0.0,1699980.0,1840246.0,False,Compliant,109.59
1929,1914,1.0,3,34425,0,34425,"Non-Refrigerated Warehouse, Office",40.40000153,2018385.75,0.0,1238171.0,780215.0,False,Compliant,50.07
1931,1971,1.0,2,52609,0,52609,K-12 School,34.29999924,1801941.75,0.0,1066165.0,735777.0,True,Error - Correct Default Data,46.51
1934,1984,1.0,3,40304,12000,28304,"Medical Office, Parking",97.59999847,1961581.5,0.0,1961581.0,0.0,False,Compliant,13.67
1939,1990,1.0,1,29619,0,29619,"Distribution Center, Office",43.20000076,1280263.75,0.0,553737.0,726527.0,False,Compliant,42.45
1941,1922,1.0,2,21592,0,21592,K-12 School,69.19999695,1431784.0,0.0,472592.0,959192.0,False,Compliant,54.24
1943,1931,1.0,2,23923,0,23923,K-12 School,33.70000076,805643.5,0.0,504519.0,301124.0,False,Compliant,19.51
1944,1907,1.0,3,25200,0,25200,"Office, Retail Store",72.90000153,1748444.25,0.0,1208901.0,539543.0,False,Compliant,37.08
1945,1947,1.0,1,45068,0,45068,Office,6.300000191,284857.3125,0.0,141784.0,143073.0,False,Non-Compliant,8.59
1946,1963,1.0,2,28296,0,28296,Office,49.40000153,1328461.25,0.0,1328461.0,0.0,False,Compliant,9.26
1949,1999,1.0,3,31357,0,31357,"Medical Office, Office, Parking",64.40000153,1965075.625,0.0,1774664.0,190411.0,False,Compliant,22.48
1950,1968,1.0,1,160000,0,160000,Distribution Center,7.199999809,1157976.5,0.0,1157977.0,0.0,False,Compliant,8.07
1951,1960,1.0,1,53550,0,53550,Non-Refrigerated Warehouse,85.69999695,4590246.5,0.0,1499028.0,3091218.0,False,Compliant,174.62
1952,1924,1.0,1,38412,0,38412,"Non-Refrigerated Warehouse, Office",40.70000076,1628540.0,0.0,421294.0,1207246.0,False,Compliant,67.05
1953,1930,1.0,1,25881,0,25881,Self-Storage Facility,21.10000038,545426.375,0.0,545426.0,0.0,False,Compliant,3.8
1960,1953,1.0,1,24291,0,24291,Office,27.29999924,655422.375,0.0,329487.0,325936.0,False,Compliant,19.61
1961,1966,1.0,1,36544,0,36544,Non-Refrigerated Warehouse,34.70000076,1269847.75,0.0,1269847.0,0.0,False,Compliant,8.85
1963,1949,1.0,1,20796,0,20796,Non-Refrigerated Warehouse,63.70000076,1324092.125,0.0,416703.0,907389.0,False,Compliant,51.1
1964,1947,1.0,1,21349,0,21349,"Distribution Center, Office",30.89999962,659761.875,0.0,390044.0,269718.0,False,Compliant,17.04
1965,1936,1.0,1,38630,0,38630,Non-Refrigerated Warehouse,10.80000019,416885.5938,0.0,416886.0,0.0,False,Compliant,2.91
1966,1950,1.0,1,20724,0,20724,"Non-Refrigerated Warehouse, Office",88.40000153,1832031.5,0.0,303491.0,1528541.0,False,Compliant,83.3
1967,1960,1.0,1,24109,0,24109,"Manufacturing/Industrial Plant, Parking",196.8999939,4747403.5,0.0,4747403.0,0.0,False,Compliant,33.1
1968,1955,1.0,1,25375,0,25375,"Office, Refrigerated Warehouse",158.3999939,4069301.5,0.0,4069301.0,0.0,False,Compliant,28.37
1969,1985,1.0,1,22803,0,22803,"Non-Refrigerated Warehouse, Other",33.5,764094.5,0.0,413650.0,350444.0,False,Compliant,21.5
1970,1985,1.0,1,23100,0,23100,"Office, Other - Public Services",187.1999969,4323672.0,0.0,1572644.0,2751028.0,False,Compliant,157.07
1971,1951,1.0,1,41550,0,41550,Refrigerated Warehouse,15.5,642645.1875,0.0,642645.0,0.0,False,Compliant,4.48
1972,1994,1.0,2,54170,0,54170,Other,107.1999969,5804784.5,0.0,2816387.0,2988397.0,False,Compliant,178.35
1973,2000,1.0,2,64493,0,64493,K-12 School,30.89999962,1989763.875,0.0,1671294.0,318470.0,True,Error - Correct Default Data,28.57
1974,1912,1.0,2,42252,0,42252,K-12 School,52.20000076,2203758.5,0.0,318351.0,1885408.0,False,Compliant,102.35
1975,1955,1.0,1,23100,0,23100,Self-Storage Facility,37.09999847,863703.0,0.0,693592.0,170111.0,False,Compliant,13.87
1976,1981,1.0,3,22895,0,22895,"Parking, Worship Facility",19.20000076,440419.1875,0.0,226988.0,213431.0,False,Compliant,12.92
1977,2002,1.0,2,54211,17471,36740,"Parking, Retail Store, Supermarket/Grocery Store",36.20000076,1267463.125,0.0,1267463.0,0.0,True,Error - Correct Default Data,8.84
1981,1961,1.0,1,41428,0,41428,K-12 School,33.90000153,1404702.25,0.0,657517.0,747185.0,True,Error - Correct Default Data,44.27
1988,2006,1.0,6,48179,7132,41047,Self-Storage Facility,16.5,797170.3125,0.0,652860.0,144310.0,False,Compliant,12.22
1991,1937,1.0,1,52325,0,52325,Non-Refrigerated Warehouse,15.5,808968.1875,0.0,540429.0,268539.0,False,Compliant,18.03
1992,1920,1.0,4,20600,0,20600,"Repair Services (Vehicle, Shoe, Locksmith, etc)",13.10000038,270838.5,0.0,101274.0,169565.0,False,Compliant,9.71
1993,1991,10.0,0,230971,0,230971,"Other, Parking",91.0,21022288.0,0.0,15419770.0,5602515.0,False,Compliant,405.05
1994,1944,1.0,1,25880,0,25880,Retail Store,6.300000191,162960.0,0.0,162960.0,0.0,False,Compliant,1.14
1995,1960,1.0,1,45842,0,45842,"Non-Refrigerated Warehouse, Office",11.39999962,819354.625,0.0,671187.0,148167.0,False,Compliant,12.55
1996,1972,1.0,1,31365,0,31365,Other,20.79999924,652991.6875,0.0,641398.0,11594.0,False,Compliant,5.09
1997,1910,1.0,1,32100,0,32100,Other,23.60000038,758008.875,0.0,314021.0,443988.0,False,Compliant,25.77
1998,1966,1.0,1,20520,0,20520,"Non-Refrigerated Warehouse, Office",56.90000153,1167887.75,0.0,458877.0,709011.0,False,Compliant,40.85
1999,1945,1.0,1,22972,0,22972,Non-Refrigerated Warehouse,21.60000038,495481.0,0.0,495481.0,0.0,False,Compliant,3.45
2000,1953,1.0,1,24990,0,24990,"Non-Refrigerated Warehouse, Office",16.20000076,523614.0938,0.0,414213.0,109401.0,False,Compliant,8.7
2001,1951,1.0,2,24000,0,24000,"Office, Retail Store",47.79999924,1318947.25,0.0,630883.0,688064.0,False,Compliant,40.94
2002,1963,1.0,1,100386,0,100386,"Non-Refrigerated Warehouse, Other - Services",36.09999847,3626431.5,0.0,2095246.0,1531185.0,False,Compliant,95.93
2003,1966,1.0,1,24354,0,24354,"Distribution Center, Office",30.20000076,735907.8125,0.0,472280.0,263628.0,False,Compliant,17.29
2004,1959,1.0,1,33600,0,33600,"Distribution Center, Office",25.20000076,847419.375,0.0,642794.0,204625.0,False,Compliant,15.35
2005,1974,1.0,1,20819,0,20819,Manufacturing/Industrial Plant,81.40000153,1694930.375,0.0,839797.0,855134.0,False,Compliant,51.27
2006,1967,1.0,1,23296,0,23296,"Non-Refrigerated Warehouse, Office",61.40000153,1429855.75,0.0,778664.0,651191.0,False,Compliant,40.01
2007,1954,1.0,1,35222,0,35222,"Non-Refrigerated Warehouse, Parking, Repair Services (Vehicle, Shoe, Locksmith, etc), Retail Store",51.40000153,1758134.625,0.0,1147678.0,610456.0,False,Compliant,40.42
2008,1957,1.0,1,25520,0,25520,Refrigerated Warehouse,63.90000153,1610794.75,0.0,575346.0,1035448.0,False,Compliant,59.0
2019,1952,1.0,1,25460,0,25460,Other,101.5,834711.875,0.0,834712.0,0.0,False,Compliant,5.82
2022,1970,1.0,1,41526,0,41526,K-12 School,43.70000076,1814947.0,0.0,874604.0,940342.0,True,Error - Correct Default Data,56.04
2024,1974,1.0,2,24291,0,24291,Office,37.90000153,920430.625,0.0,920430.0,0.0,False,Compliant,6.42
2025,1958,1.0,2,20738,0,20738,Retail Store,25.39999962,526752.8125,0.0,526753.0,0.0,False,Compliant,3.67
2027,2000,1.0,4,30948,0,30948,"Office, Other",39.20000076,919746.3125,0.0,919746.0,0.0,False,Compliant,6.41
2029,1986,1.0,2,28385,7056,21329,Medical Office,129.0,2654316.0,0.0,2654315.0,0.0,False,Compliant,18.5
2034,1978,1.0,1,21755,0,21755,"Non-Refrigerated Warehouse, Office",42.09999847,844076.8125,0.0,592096.0,251981.0,False,Compliant,17.51
2035,1960,1.0,1,27933,0,27933,Other,219.3999939,6129780.0,0.0,6129779.0,0.0,False,Compliant,42.73
2036,1983,1.0,1,23143,0,23143,"Non-Refrigerated Warehouse, Office",49.29999924,1139980.625,0.0,469813.0,670168.0,False,Compliant,38.87
2037,1962,1.0,1,28800,0,28800,"Non-Refrigerated Warehouse, Office",58.29999924,2107743.75,0.0,786547.0,1028822.0,False,Compliant,60.12
2038,1952,1.0,1,39600,0,39600,Non-Refrigerated Warehouse,10.19999981,405050.4063,0.0,405050.0,0.0,False,Compliant,2.82
2039,1952,1.0,1,39600,0,39600,Non-Refrigerated Warehouse,11.80000019,468396.9063,0.0,338683.0,129714.0,False,Compliant,9.25
2040,1937,1.0,1,41248,0,41248,Distribution Center,26.79999924,1108310.875,0.0,918219.0,190092.0,False,Compliant,16.5
2041,2009,1.0,1,36400,0,36400,"Other, Retail Store",43.09999847,1567746.75,0.0,804194.0,763553.0,False,Compliant,46.16
2043,1920,1.0,1,31332,0,31332,Other,114.0,3573328.25,0.0,3573328.0,0.0,False,Compliant,24.91
2045,1948,1.0,2,35864,0,35864,Worship Facility,34.20000076,1228113.5,0.0,467833.0,760281.0,False,Compliant,43.64
2049,1954,1.0,1,20484,0,20484,Worship Facility,40.20000076,822636.625,0.0,115043.0,707593.0,False,Compliant,38.38
2050,1984,1.0,4,45264,17622,27642,Medical Office,85.09999847,1849331.25,0.0,1849331.0,0.0,False,Compliant,12.89
2051,1987,2.0,4,36932,14576,22356,Medical Office,102.1999969,2824096.75,0.0,2824096.0,0.0,False,Compliant,19.69
2053,1973,1.0,4,45082,0,45082,Other/Specialty Hospital,94.5,4262316.5,0.0,2879780.0,1382537.0,False,Compliant,93.5
2054,1951,0.0,2,41600,0,41600,Worship Facility,28.70000076,1195165.25,0.0,704075.0,491090.0,False,Compliant,30.99
2056,1960,1.0,2,34110,0,34110,Office,75.19999695,2563985.5,0.0,2563985.0,0.0,False,Compliant,17.87
2066,1970,1.0,1,23750,0,23750,"Non-Refrigerated Warehouse, Office",25.0,522972.1875,0.0,522972.0,0.0,False,Compliant,3.65
2067,1970,1.0,1,43390,0,43390,"Non-Refrigerated Warehouse, Office",12.30000019,533742.8125,0.0,533743.0,0.0,False,Compliant,3.72
2068,1959,1.0,1,35400,0,35400,Non-Refrigerated Warehouse,11.89999962,419978.6875,0.0,282006.0,137973.0,False,Compliant,9.29
2069,1966,1.0,1,28144,0,28144,"Distribution Center, Office",30.39999962,858701.0,0.0,810350.0,48351.0,False,Compliant,8.22
2070,1916,1.0,3,71283,0,71283,"Non-Refrigerated Warehouse, Office",34.90000153,2491238.25,0.0,1931964.0,559274.0,False,Compliant,43.17
2071,1989,1.0,1,23792,0,23792,"Non-Refrigerated Warehouse, Office",119.9000015,2852102.75,0.0,2852102.0,0.0,False,Compliant,19.88
2072,1979,1.0,2,47368,0,47368,"Office, Parking",22.0,1042652.625,0.0,1042653.0,0.0,False,Compliant,7.27
2073,1931,1.0,1,46183,0,46183,"Food Service, Non-Refrigerated Warehouse, Retail Store",40.90000153,1890502.5,0.0,1571102.0,319400.0,False,Compliant,27.92
2074,1984,1.0,5,72613,22788,49825,"Office, Parking",52.20000076,2602213.75,0.0,2086017.0,516197.0,False,Compliant,41.96
2076,1968,1.0,1,36071,0,36071,Retail Store,42.09999847,1519952.125,0.0,649355.0,870597.0,True,Error - Correct Default Data,50.76
2077,1989,1.0,3,51672,0,51672,K-12 School,27.79999924,1436510.375,0.0,1213523.0,222987.0,False,Compliant,20.3
2078,1990,1.0,2,38352,11082,27270,"Medical Office, Office",76.69999695,2108861.75,0.0,2108861.0,0.0,False,Compliant,14.7
2080,1995,1.0,1,28425,0,28425,"Fitness Center/Health Club/Gym, Office, Other - Recreation",75.19999695,2133797.75,0.0,1215305.0,918493.0,False,Compliant,57.25
2084,2009,1.0,3,35115,0,35115,Automobile Dealership,54.79999924,1922953.25,0.0,1521297.0,401656.0,False,Compliant,31.94
2086,1972,1.0,1,66704,0,66704,"Distribution Center, Non-Refrigerated Warehouse, Office, Other - Education, Parking",9.0,600516.875,0.0,262709.0,337808.0,False,Compliant,19.77
2087,1969,1.0,1,25658,0,25658,"Non-Refrigerated Warehouse, Office",41.5,1063960.125,0.0,815633.0,248327.0,False,Compliant,18.87
2092,1907,1.0,2,36000,0,36000,"Office, Other",29.10000038,1046187.625,0.0,813255.0,232933.0,False,Compliant,18.04
2095,1913,1.0,1,36000,0,36000,"Parking, Retail Store",64.59999847,1162163.125,0.0,763041.0,399122.0,False,Compliant,26.52
2096,1915,1.0,2,43200,0,43200,Non-Refrigerated Warehouse,44.70000076,1929851.5,0.0,1155595.0,774256.0,False,Compliant,49.18
2097,1913,1.0,4,53840,12870,40970,"Office, Parking",68.0,2912454.75,0.0,2337197.0,575257.0,False,Compliant,46.85
2098,1975,1.0,1,43794,0,43794,"Office, Retail Store",26.60000038,1164537.75,0.0,831084.0,333454.0,False,Compliant,23.5
2099,1968,1.0,1,48280,0,48280,"Non-Refrigerated Warehouse, Office",56.0,2701833.75,0.0,1407161.0,1294673.0,False,Compliant,78.57
2100,1954,1.0,1,36040,0,36040,"Distribution Center, Office",10.10000038,363808.1875,0.0,251031.0,112777.0,False,Compliant,7.74
2101,1965,1.0,1,32822,0,32822,"Parking, Supermarket/Grocery Store",252.3000031,8839812.0,0.0,5408701.0,3431110.0,False,Compliant,219.93
2103,1948,1.0,1,64314,0,64314,K-12 School,45.0,2936336.25,0.0,1038090.0,1898246.0,True,Error - Correct Default Data,108.05
2104,1950,1.0,2,20385,0,20385,Worship Facility,39.70000076,809291.8125,0.0,193858.0,615434.0,False,Compliant,34.04
2105,1946,1.0,1,24295,0,24295,Worship Facility,8.899999619,216115.0,0.0,216115.0,0.0,False,Compliant,1.51
2106,1967,1.0,2,20317,0,20317,Office,30.60000038,620994.3125,0.0,620994.0,0.0,False,Compliant,4.33
2109,1973,1.0,1,24377,0,24377,Supermarket/Grocery Store,404.1000061,9851260.0,0.0,5697593.0,4153667.0,False,Compliant,260.32
2114,1986,1.0,1,33392,0,33392,Movie Theater,83.5,2786648.75,0.0,2786648.0,0.0,False,Compliant,19.43
2115,1986,0.0,1,45155,0,45155,Supermarket/Grocery Store,147.8000031,6674179.5,0.0,4244454.0,2429726.0,False,Compliant,158.63
2119,1966,1.0,1,32000,0,32000,Non-Refrigerated Warehouse,68.19999695,2186148.5,0.0,1611215.0,574933.0,False,Compliant,41.77
2120,1970,1.0,1,44000,0,44000,Non-Refrigerated Warehouse,94.69999695,4302455.5,0.0,1148123.0,3154333.0,False,Compliant,175.53
2121,1973,1.0,1,36000,0,36000,Non-Refrigerated Warehouse,77.0,2771820.5,0.0,494348.0,2277473.0,False,Compliant,124.4
2122,1979,1.0,1,31360,0,31360,"Non-Refrigerated Warehouse, Retail Store",43.59999847,1356972.25,0.0,626210.0,730762.0,False,Compliant,43.18
2123,1979,1.0,1,33320,0,33320,"Non-Refrigerated Warehouse, Office",70.0,2339234.0,0.0,1289233.0,1050001.0,False,Compliant,64.75
2124,1979,1.0,1,48020,0,48020,Non-Refrigerated Warehouse,49.70000076,2373568.25,0.0,1450508.0,923060.0,False,Compliant,59.14
2125,1979,1.0,1,27420,0,27420,Non-Refrigerated Warehouse,42.20000076,1176342.25,0.0,507743.0,668599.0,False,Compliant,39.05
2129,1929,1.0,2,24152,0,24152,K-12 School,6.699999809,161363.4063,0.0,161363.0,0.0,False,Non-Compliant,1.12
2131,1949,1.0,2,43645,0,43645,K-12 School,55.5,2053956.375,0.0,518880.0,1535077.0,False,Compliant,85.15
2133,1952,1.0,1,26853,0,26853,Retail Store,68.69999695,1399062.75,0.0,1145340.0,253723.0,False,Compliant,21.46
2134,1909,1.0,4,44775,0,44775,Other,21.20000076,950695.625,0.0,446650.0,504046.0,False,Compliant,29.88
2138,1916,2.0,1,27760,0,27760,"Office, Other, Parking, Retail Store",75.09999847,2833624.5,0.0,816471.0,2017153.0,False,Compliant,112.82
2139,1937,1.0,1,20975,0,20975,"Fast Food Restaurant, Other, Other - Entertainment/Public Assembly",16.70000076,347437.6875,0.0,259882.0,87556.0,False,Compliant,6.46
2140,1918,1.0,1,26075,0,26075,Other,61.70000076,1608508.75,0.0,1470083.0,138426.0,False,Compliant,17.6
2141,1992,1.0,1,29394,0,29394,"Non-Refrigerated Warehouse, Office",32.09999847,1486681.75,0.0,1141948.0,344734.0,False,Compliant,26.27
2143,1926,1.0,2,20400,0,20400,"Non-Refrigerated Warehouse, Office",21.5,438557.0,0.0,241070.0,197487.0,False,Compliant,12.17
2144,1926,1.0,1,20460,0,20460,Office,44.20000076,903541.875,0.0,903542.0,0.0,False,Compliant,6.3
2145,1925,1.0,2,25821,0,25821,Self-Storage Facility,8.100000381,209698.7031,0.0,209699.0,0.0,False,Compliant,1.46
2146,1955,1.0,2,21870,0,21870,Refrigerated Warehouse,49.09999847,1074350.375,0.0,1074350.0,0.0,False,Compliant,7.49
2147,1988,3.0,1,51664,0,51664,Non-Refrigerated Warehouse,68.30000305,3528086.75,0.0,2614003.0,914084.0,False,Compliant,66.77
2148,1970,1.0,1,43615,0,43615,Medical Office,71.90000153,3133849.5,0.0,1302454.0,1831396.0,False,Compliant,106.35
2149,1970,1.0,3,36879,0,36879,Office,67.90000153,1144267.5,0.0,1144267.0,0.0,False,Compliant,7.98
2150,2002,1.0,2,28531,0,28531,"Other, Parking",123.5,3494929.5,0.0,2013762.0,1481167.0,False,Compliant,92.7
2151,1982,1.0,2,36600,0,36600,Non-Refrigerated Warehouse,7.099999905,308400.4063,0.0,308400.0,0.0,False,Compliant,2.15
2152,2004,1.0,5,35176,0,35176,"Office, Other",35.0,1011965.375,0.0,1011965.0,0.0,False,Compliant,7.05
2155,1959,1.0,1,36701,0,36701,K-12 School,38.79999924,1564891.75,0.0,761419.0,803473.0,True,Error - Correct Default Data,47.98
2157,1940,1.0,2,41293,15243,26050,"College/University, Medical Office",68.59999847,2839882.25,0.0,1932090.0,907792.0,False,Compliant,61.68
2159,1941,1.0,1,48890,0,48890,"Non-Refrigerated Warehouse, Office",43.0,2100216.5,0.0,1082370.0,1017846.0,False,Compliant,61.6
2160,2000,1.0,3,43473,0,43473,Office,101.5999985,4416909.5,0.0,4416909.0,0.0,False,Compliant,30.79
2162,1990,1.0,1,40265,0,40265,Retail Store,91.69999695,3740373.75,0.0,3536625.0,203748.0,False,Compliant,35.48
2163,2005,1.0,1,26208,0,26208,Retail Store,49.59999847,1608884.25,0.0,1036767.0,572117.0,False,Compliant,37.61
2166,1975,0.0,2,27227,0,27227,"Fitness Center/Health Club/Gym, Office, Other - Recreation, Other - Technology/Science, Pre-school/Daycare, Swimming Pool",204.8000031,8054334.0,0.0,3053337.0,5000997.0,False,Compliant,286.89
2167,1926,1.0,1,42172,0,42172,"Food Service, Other, Other - Education, Other - Entertainment/Public Assembly, Other - Recreation, Social/Meeting Hall",77.30000305,3275779.25,0.0,473305.0,2802474.0,False,Compliant,152.14
2168,1910,1.0,5,32250,0,32250,Office,24.70000076,796042.375,0.0,668479.0,127563.0,False,Compliant,11.44
2170,1953,1.0,1,51000,0,51000,Retail Store,25.5,1298039.875,0.0,1187021.0,111019.0,False,Compliant,14.17
2182,1916,1.0,1,27000,0,27000,"Other, Other - Entertainment/Public Assembly, Self-Storage Facility",8.5,229856.4063,0.0,229857.0,0.0,False,Compliant,1.6
2183,1935,1.0,2,20747,0,20747,"Office, Other - Entertainment/Public Assembly, Restaurant",48.29999924,1001964.0,0.0,775118.0,226846.0,False,Compliant,17.45
2184,1928,1.0,2,40800,0,40800,"Non-Refrigerated Warehouse, Office",20.0,817255.875,0.0,337487.0,479769.0,False,Compliant,27.83
2185,1920,1.0,2,20150,0,20150,Office,28.60000038,576174.125,0.0,576174.0,0.0,False,Compliant,4.02
2186,1909,1.0,7,36000,0,36000,Office,53.40000153,1682454.875,0.0,1682455.0,0.0,False,Compliant,11.73
2187,1938,1.0,2,41276,0,41276,"Non-Refrigerated Warehouse, Office, Retail Store",60.59999847,2502081.0,0.0,786001.0,1716080.0,False,Compliant,96.62
2188,1937,0.0,2,24430,0,24430,"Other, Refrigerated Warehouse",50.59999847,1232822.875,0.0,907206.0,325617.0,False,Compliant,23.62
2189,1910,1.0,3,27690,0,27690,"Other, Parking",0.699999988,16808.90039,0.0,16809.0,0.0,False,Non-Compliant,0.12
2190,1927,1.0,1,22580,0,22580,Office,41.09999847,928584.875,0.0,859792.0,68793.0,False,Compliant,9.65
2192,1926,1.0,1,20000,0,20000,Non-Refrigerated Warehouse,37.20000076,743528.125,0.0,129264.0,614264.0,False,Compliant,33.52
2193,1954,1.0,1,42000,0,42000,"Non-Refrigerated Warehouse, Office",49.29999924,2070005.625,0.0,604078.0,1465928.0,False,Compliant,82.07
2199,1962,1.0,1,24248,0,24248,"Parking, Self-Storage Facility",5.300000191,111969.7031,0.0,111750.0,220.0,False,Compliant,0.79
2202,2009,1.0,6,244500,0,244500,Senior Care Community,45.09999847,11019641.0,0.0,6338614.0,4681026.0,False,Compliant,292.8
2205,1932,1.0,1,24617,0,24617,Non-Refrigerated Warehouse,4.699999809,106918.0,0.0,106918.0,0.0,False,Compliant,0.75
2206,2009,1.0,3,127065,84710,42355,"Office, Parking",76.59999847,3245111.5,0.0,3245111.0,0.0,False,Compliant,22.62
2207,1964,1.0,1,37247,0,37247,Retail Store,46.90000153,1748644.5,0.0,747998.0,1000646.0,False,Compliant,58.36
2212,1993,1.0,1,25384,0,25384,Retail Store,129.0,3027867.5,0.0,1811508.0,1216359.0,False,Compliant,77.23
2214,1910,0.0,3,49052,0,49052,"Office, Retail Store",34.0,1441445.625,0.0,1441445.0,0.0,False,Compliant,10.05
2215,1900,1.0,2,52110,0,52110,Non-Refrigerated Warehouse,18.29999924,586589.1875,0.0,130124.0,456465.0,False,Compliant,25.15
2216,1910,1.0,2,20970,0,20970,"Office, Parking",9.800000191,204499.0938,0.0,117680.0,86819.0,False,Non-Compliant,5.43
2217,1937,1.0,2,39036,0,39036,"Office, Other",37.09999847,1528295.75,0.0,908543.0,619753.0,False,Compliant,39.25
2218,1923,1.0,1,26310,0,26310,"Non-Refrigerated Warehouse, Office, Social/Meeting Hall",22.79999924,771512.6875,0.0,563096.0,208417.0,False,Compliant,14.99
2222,1966,1.0,1,37883,0,37883,"Retail Store, Supermarket/Grocery Store",232.1999969,12434593.0,0.0,5359975.0,7074617.0,False,Compliant,413.1
2225,1962,1.0,3,29874,0,29874,K-12 School,40.59999847,1274049.75,0.0,290239.0,983811.0,False,Compliant,54.27
2227,1965,1.0,1,20140,0,20140,"Parking, Worship Facility",45.09999847,992794.6875,0.0,122390.0,870405.0,False,Compliant,47.08
2228,1990,1.0,2,71874,31389,40485,Self-Storage Facility,17.29999924,1242811.75,0.0,455972.0,786840.0,False,Compliant,44.97
2231,1971,1.0,2,39953,0,39953,Office,50.09999847,1508561.875,0.0,1128549.0,380013.0,False,Compliant,28.05
2234,1998,1.0,2,21200,0,21200,"Office, Retail Store",79.09999847,1676426.5,0.0,1676426.0,0.0,False,Compliant,11.69
2235,1980,1.0,1,30630,0,30630,"Other, Supermarket/Grocery Store",196.0,6058494.0,0.0,6058493.0,0.0,False,Compliant,42.24
2236,1980,1.0,2,23421,0,23421,"Bank Branch, Retail Store",81.0,1896626.375,0.0,1896626.0,0.0,False,Compliant,13.22
2239,1931,1.0,3,117116,0,117116,K-12 School,48.90000153,5722325.5,0.0,1031648.0,4690677.0,False,Compliant,256.31
2240,1928,1.0,2,24120,0,24120,Worship Facility,37.0,893053.1875,0.0,344302.0,548751.0,False,Compliant,31.54
2241,1929,1.0,3,35736,0,35736,"Office, Worship Facility",32.09999847,1148202.25,0.0,213096.0,935106.0,False,Compliant,51.15
2244,1941,1.0,1,51050,0,51050,Non-Refrigerated Warehouse,24.39999962,1206165.75,0.0,787054.0,419112.0,False,Compliant,27.75
2245,1954,1.0,2,21900,0,21900,Retail Store,59.5,1302192.875,0.0,574237.0,727956.0,False,Compliant,42.66
2246,1952,1.0,1,16300,0,16300,Distribution Center,2.299999952,150167.7969,0.0,138179.0,11989.0,False,Compliant,1.6
2247,1964,1.0,1,33462,0,33462,Non-Refrigerated Warehouse,41.40000153,1386445.375,0.0,1386445.0,0.0,False,Compliant,9.67
2248,1952,1.0,1,35310,0,35310,"Non-Refrigerated Warehouse, Other, Refrigerated Warehouse",45.59999847,1331469.75,0.0,564235.0,767235.0,False,Compliant,44.68
2252,1962,1.0,3,36140,0,36140,Other,134.0,4653535.0,0.0,4653534.0,0.0,False,Compliant,32.44
2253,1991,1.0,2,47963,21384,26579,"Other - Mall, Parking",275.3999939,8163413.0,0.0,2918371.0,5245042.0,False,Compliant,298.91
2254,1930,1.0,1,23903,0,23903,"Non-Refrigerated Warehouse, Worship Facility",18.20000076,415364.5938,0.0,166749.0,248616.0,False,Compliant,14.37
2255,1947,1.0,3,22522,0,22522,Self-Storage Facility,24.89999962,561473.875,0.0,136609.0,424865.0,False,Compliant,23.52
2256,1996,1.0,4,38959,0,38959,Self-Storage Facility,23.20000076,905750.375,0.0,525913.0,379837.0,False,Compliant,23.84
2259,1928,1.0,2,25955,0,25955,"Non-Refrigerated Warehouse, Office, Other - Services",46.90000153,1218112.0,0.0,1218112.0,0.0,False,Compliant,8.49
2270,1923,1.0,4,46100,0,46100,"K-12 School, Parking",47.20000076,2177064.75,548294.6875,1097533.0,531237.0,False,Compliant,78.19
2278,1951,1.0,2,21936,0,21936,Worship Facility,27.79999924,608755.375,0.0,77010.0,531746.0,False,Compliant,28.78
2280,1960,1.0,1,25406,0,25406,"Personal Services (Health/Beauty, Dry Cleaning, etc)",96.09999847,2442220.0,0.0,1901857.0,540363.0,False,Compliant,41.96
2289,1967,1.0,2,23250,0,23250,Office,41.09999847,904236.0,0.0,904236.0,0.0,False,Compliant,6.3
2292,1960,1.0,1,30000,0,30000,"Non-Refrigerated Warehouse, Parking",93.19999695,2794837.0,0.0,600754.0,2194083.0,False,Compliant,120.72
2293,1962,1.0,1,45036,0,45036,"Non-Refrigerated Warehouse, Office, Repair Services (Vehicle, Shoe, Locksmith, etc)",42.70000076,1791697.75,0.0,988941.0,802757.0,False,Compliant,49.53
2311,1962,1.0,1,51410,0,51410,K-12 School,38.29999924,1968907.25,0.0,862071.0,1106836.0,True,Error - Correct Default Data,64.79
2314,2009,1.0,39,1074552,112124,962428,"Hotel, Multifamily Housing, Parking",43.0,26416770.0,0.0,20663978.0,5752789.0,False,Compliant,449.59
2324,1959,1.0,2,122679,0,122679,"College/University, Restaurant",159.0,16378152.0,0.0,6103316.0,10274835.0,False,Compliant,588.25
2325,1945,14.0,2,537000,0,537000,College/University,169.6999969,90609640.0,0.0,22619097.0,67990538.0,False,Compliant,3768.66
2328,1980,1.0,4,23022,0,23022,Office,44.59999847,1027230.875,0.0,865244.0,161987.0,False,Compliant,14.64
2330,1967,1.0,1,27263,0,27263,"Office, Other, Refrigerated Warehouse",90.80000305,2470642.0,0.0,2470642.0,0.0,False,Compliant,17.22
2331,1962,1.0,1,31569,0,31569,Non-Refrigerated Warehouse,92.80000305,3064039.5,0.0,804992.0,2259047.0,False,Compliant,125.59
2332,1956,1.0,1,22509,0,22509,Non-Refrigerated Warehouse,7.900000095,177812.7969,0.0,177813.0,0.0,False,Compliant,1.24
2333,1956,1.0,1,39984,0,39984,"Non-Refrigerated Warehouse, Office",26.79999924,1073156.375,0.0,437302.0,635854.0,False,Compliant,36.82
2338,1925,1.0,2,73769,0,73769,K-12 School,34.70000076,2556131.0,0.0,886515.0,1669616.0,True,Error - Correct Default Data,94.85
2342,1906,1.0,1,26440,0,26440,Worship Facility,27.20000076,719905.1875,0.0,223375.0,496530.0,False,Compliant,27.93
2355,1961,1.0,1,43578,0,43578,K-12 School,31.70000076,1436773.875,0.0,1120124.0,316650.0,True,Error - Correct Default Data,24.63
2357,1956,1.0,2,28800,0,28800,Self-Storage Facility,39.70000076,1143826.625,0.0,678658.0,465168.0,False,Compliant,29.44
2359,2009,4.0,2,28500,0,28500,K-12 School,37.40000153,1162561.125,0.0,717507.0,445054.0,False,Compliant,28.64
2379,1978,1.0,2,26519,0,26519,"Office, Restaurant",140.1999969,3717064.0,0.0,2170550.0,1546514.0,False,Compliant,97.27
2380,1988,1.0,2,34639,15402,19237,"Other, Parking, Restaurant",359.7000122,15480681.0,0.0,6642344.0,8838336.0,False,Compliant,515.71
2381,1921,1.0,2,26300,0,26300,Other - Entertainment/Public Assembly,134.5,3537841.5,0.0,1537923.0,1999918.0,False,Compliant,116.94
2382,1962,0.0,2,34072,0,34072,Restaurant,193.3000031,6584966.5,0.0,2664187.0,3920779.0,False,Compliant,226.81
2383,1949,1.0,3,23355,0,23355,Office,38.40000153,840549.375,0.0,840549.0,0.0,False,Compliant,5.86
2384,1965,1.0,4,30840,0,30840,"Office, Restaurant",116.4000015,3542708.5,0.0,1884294.0,1658414.0,False,Compliant,101.21
2385,1946,1.0,1,20332,0,20332,Other,19.29999924,392683.6875,0.0,213927.0,178757.0,False,Compliant,10.99
2392,1900,1.0,1,21850,0,21850,Worship Facility,14.5,317794.4063,0.0,82056.0,235738.0,False,Compliant,13.09
2394,1997,1.0,4,32282,6985,25297,"Multifamily Housing, Office, Other, Parking",55.0,1391714.25,0.0,851657.0,540057.0,False,Compliant,34.62
2398,1983,1.0,13,307557,83064,224493,"Multifamily Housing, Office, Parking, Retail Store",40.79999924,9512829.0,0.0,9512827.0,0.0,False,Compliant,66.32
2402,1918,1.0,2,28309,0,28309,Self-Storage Facility,15.19999981,430308.9063,0.0,238481.0,191828.0,False,Compliant,11.85
2403,1914,1.0,4,45500,0,45500,Hotel,61.5,2799595.0,941139.6875,1069553.0,788902.0,False,Compliant,122.0
2404,1900,1.0,5,38376,0,38376,"Office, Retail Store",65.0,2058532.875,0.0,2058533.0,0.0,False,Compliant,14.35
2406,1900,1.0,4,42804,0,42804,"Office, Retail Store",50.29999924,1544501.75,0.0,769417.0,775085.0,False,Compliant,46.53
2407,2005,0.0,5,57600,0,57600,"Financial Office, Multifamily Housing, Parking, Residence Hall/Dormitory",138.0,6983736.0,0.0,3197921.0,3785814.0,False,Compliant,223.36
2409,1900,1.0,4,33300,0,33300,"Office, Restaurant, Retail Store, Self-Storage Facility",38.70000076,1287497.375,0.0,1075503.0,211994.0,False,Compliant,18.76
2410,1900,1.0,3,25450,0,25450,Hotel,19.79999924,503744.6875,0.0,503745.0,0.0,False,Non-Compliant,3.51
2411,1900,1.0,3,22200,0,22200,Other,8.5,188745.7031,0.0,64453.0,124293.0,False,Compliant,7.05
2412,1968,1.0,2,29498,0,29498,"Non-Refrigerated Warehouse, Office",130.3999939,3768900.5,0.0,3253683.0,515217.0,False,Compliant,50.05
2413,1938,1.0,1,23050,0,23050,Non-Refrigerated Warehouse,20.20000076,466672.6875,0.0,466673.0,0.0,False,Compliant,3.25
2414,2008,1.0,4,48350,0,48350,Office,72.19999695,3168131.0,0.0,3168131.0,0.0,False,Compliant,22.09
2415,1930,1.0,1,46059,0,46059,Retail Store,34.40000153,1582655.875,0.0,1374074.0,208582.0,False,Compliant,20.66
2432,1970,1.0,2,23595,0,23595,Medical Office,34.59999847,817409.625,0.0,799401.0,18009.0,False,Compliant,6.53
2438,1900,1.0,3,28142,0,28142,Office,30.10000038,847097.8125,340615.5938,414101.0,92381.0,False,Compliant,34.08
2439,1900,1.0,3,28760,0,28760,"Non-Refrigerated Warehouse, Office, Retail Store",107.5,2615973.5,500752.8125,572200.0,1543021.0,False,Compliant,124.59
2440,1902,1.0,4,39030,0,39030,"Office, Retail Store",18.39999962,713326.875,0.0,524342.0,188985.0,False,Compliant,13.69
2441,1909,0.0,3,47215,0,47215,"Office, Retail Store",45.5,2092696.0,0.0,1597575.0,991813.0,False,Compliant,63.81
2442,1926,1.0,2,61580,27000,34580,"Other, Parking",115.8000031,4199443.0,0.0,3327045.0,872398.0,False,Compliant,69.53
2443,1917,1.0,3,30720,0,30720,"Office, Retail Store",41.90000153,1288669.5,0.0,930084.0,358585.0,False,Compliant,25.53
2444,1916,1.0,2,20640,0,20640,"Office, Restaurant, Retail Store",19.29999924,412562.4063,0.0,412562.0,0.0,False,Compliant,2.88
2445,1912,1.0,2,34914,0,34914,"Office, Restaurant, Retail Store",42.40000153,1333289.625,0.0,1333290.0,0.0,False,Compliant,9.29
2446,1906,1.0,3,20897,0,20897,"Non-Refrigerated Warehouse, Office, Retail Store",56.59999847,964923.8125,0.0,725243.0,239681.0,False,Compliant,17.79
2447,1916,1.0,2,36940,0,36940,Retail Store,9.100000381,336745.4063,0.0,336745.0,0.0,False,Compliant,2.35
2448,1913,1.0,3,22866,0,22866,Office,50.5,1153690.125,0.0,877955.0,275735.0,False,Compliant,20.76
2449,1920,1.0,1,30240,0,30240,"Restaurant, Retail Store",38.40000153,1264626.875,0.0,1061362.0,203265.0,False,Compliant,18.19
2450,1910,1.0,3,32100,0,32100,"Bar/Nightclub, Multifamily Housing",3.400000095,108200.3984,0.0,11370.0,96830.0,False,Non-Compliant,5.22
2454,1962,1.0,2,28586,0,28586,Other,187.8999939,5078204.0,0.0,5078203.0,0.0,False,Compliant,35.4
2457,1908,1.0,3,28800,0,28800,"Hotel, Restaurant",161.3000031,4644346.0,0.0,1218294.0,3426052.0,False,Compliant,190.45
2459,1913,1.0,3,28800,0,28800,Restaurant,31.20000076,899924.1875,0.0,402907.0,497017.0,False,Compliant,29.21
2460,1979,1.0,3,35202,0,35202,"Bank Branch, Office",108.0999985,3605755.5,0.0,3605755.0,0.0,False,Compliant,25.14
2467,1969,1.0,6,95117,26082,69035,"Parking, Senior Care Community",104.3000031,7202141.5,0.0,4307003.0,2895138.0,False,Compliant,183.79
2469,1910,1.0,2,24600,0,24600,Worship Facility,13.5,331059.5,0.0,258312.0,72748.0,False,Compliant,5.66
2471,1900,1.0,1,48850,0,48850,"Office, Other, Worship Facility",28.89999962,1063480.5,815676.125,239923.0,7881.0,False,Compliant,65.05
2482,1961,0.0,3,54863,0,54863,Hospital (General Medical & Surgical),18.60000038,2037720.625,0.0,2037720.0,0.0,False,Compliant,14.21
2489,1964,1.0,1,25000,0,25000,"Food Sales, Non-Refrigerated Warehouse, Office",79.59999847,1989103.875,0.0,861621.0,1127483.0,False,Compliant,65.89
2490,1960,1.0,1,25000,0,25000,"Non-Refrigerated Warehouse, Office",11.5,287132.5,0.0,143797.0,143335.0,False,Compliant,8.61
2491,1927,1.0,1,22622,0,22622,Manufacturing/Industrial Plant,33.70000076,774075.6875,0.0,315436.0,458640.0,False,Compliant,26.56
2492,1917,1.0,3,27544,0,27544,"Office, Parking",46.09999847,1031667.5,0.0,810115.0,221553.0,False,Compliant,17.41
2506,1989,1.0,7,47415,0,47415,"Multifamily Housing, Office, Other - Entertainment/Public Assembly, Parking",43.40000153,1478979.25,0.0,1478979.0,0.0,False,Compliant,10.31
2512,1961,1.0,3,22960,0,22960,Other - Entertainment/Public Assembly,98.69999695,2266983.0,0.0,542327.0,1724655.0,False,Compliant,95.38
2514,1998,1.0,1,44739,0,44739,"Parking, Supermarket/Grocery Store",326.0,14585813.0,0.0,8270312.0,6315500.0,False,Compliant,393.07
2518,1948,1.0,1,22778,0,22778,"Medical Office, Office, Other, Restaurant, Retail Store",56.5,2470566.0,0.0,224359.0,2246207.0,False,Compliant,120.86
2519,1956,1.0,2,21562,0,21562,"Pre-school/Daycare, Worship Facility",40.40000153,866806.0,0.0,189790.0,677016.0,False,Compliant,37.28
2521,1959,1.0,1,25753,0,25753,Other - Entertainment/Public Assembly,53.5,1378130.25,0.0,231543.0,1146587.0,False,Compliant,62.51
2522,1928,1.0,3,71280,0,71280,Other - Recreation,319.3999939,22767828.0,0.0,7528486.0,15239341.0,False,Compliant,861.85
2523,1925,1.0,3,38297,0,38297,K-12 School,48.20000076,1845150.625,0.0,624583.0,1220568.0,True,Error - Correct Default Data,69.18
2524,1963,1.0,16,153312,0,153312,"Parking, Senior Care Community, Worship Facility",93.0,20628680.0,0.0,6566843.0,14061838.0,False,Compliant,792.6
2530,2009,1.0,19,1206670,201857,1004813,"Multifamily Housing, Office, Parking, Restaurant",54.59999847,27684480.0,0.0,23343425.0,4341053.0,False,Compliant,393.29
2535,1968,1.0,1,24200,0,24200,"Parking, Worship Facility",34.20000076,826488.6875,0.0,466335.0,360154.0,False,Compliant,22.38
2540,1981,1.0,4,23513,2211,21302,"Office, Parking, Residence Hall/Dormitory, Restaurant, Social/Meeting Hall",81.69999695,1740568.25,0.0,924449.0,816119.0,False,Compliant,49.79
2547,1994,1.0,3,66610,0,66610,Self-Storage Facility,9.600000381,640377.0,0.0,329414.0,310963.0,False,Compliant,18.81
2548,1950,1.0,1,36000,0,36000,"Office, Other",103.0,3646053.75,0.0,2922836.0,723217.0,False,Compliant,58.79
2559,1938,1.0,2,23222,0,23222,K-12 School,81.30000305,1219863.125,0.0,210763.0,1009100.0,False,Compliant,55.06
2562,1924,1.0,2,24476,0,24476,"Fitness Center/Health Club/Gym, Office, Other, Other - Utility, Restaurant, Retail Store",111.4000015,2662054.25,0.0,1077101.0,1584953.0,False,Compliant,91.69
2564,1910,0.0,2,24750,0,24750,"Medical Office, Office, Retail Store",34.70000076,782343.8125,0.0,292118.0,490226.0,False,Compliant,28.07
2567,1904,1.0,3,60000,0,60000,K-12 School,74.30000305,3625407.5,0.0,1537012.0,2088395.0,False,Compliant,121.63
2568,1954,1.0,2,46560,0,46560,Other - Entertainment/Public Assembly,14.80000019,690557.6875,0.0,419713.0,270845.0,False,Compliant,17.31
2575,1980,1.0,3,30408,0,30408,"Bank Branch, Parking",57.59999847,1440554.25,0.0,1440554.0,0.0,False,Compliant,10.04
2579,1920,1.0,3,30109,0,30109,"Office, Parking",51.59999847,1465795.75,0.0,949635.0,516161.0,False,Compliant,34.03
2581,1964,1.0,2,39929,0,39929,K-12 School,45.40000153,1813718.0,0.0,1065111.0,748607.0,True,Error - Correct Default Data,47.18
2583,1960,1.0,2,25481,0,25481,Office,36.0,917100.3125,0.0,219291.0,697809.0,False,Compliant,38.59
2584,1967,1.0,1,141297,0,141297,Senior Care Community,137.5,19423344.0,0.0,6797882.0,12625460.0,False,Compliant,717.93
2593,1912,1.0,2,27788,0,27788,"Office, Other - Restaurant/Bar",56.59999847,2119806.25,0.0,1659964.0,459842.0,False,Compliant,35.99
2603,1990,1.0,4,41704,8584,33120,Hotel,46.59999847,1943899.25,0.0,969192.0,974707.0,False,Compliant,58.52
2606,1941,1.0,2,22324,0,22324,Non-Refrigerated Warehouse,28.0,588856.125,0.0,193898.0,394958.0,False,Compliant,22.33
2607,1946,1.0,2,31360,0,31360,Other - Entertainment/Public Assembly,53.90000153,1725108.25,0.0,1126394.0,598714.0,False,Compliant,39.65
2608,1947,1.0,1,30496,0,30496,"Manufacturing/Industrial Plant, Office, Retail Store",61.09999847,1992158.25,0.0,1295854.0,696304.0,False,Compliant,46.01
2614,1922,1.0,3,27600,0,27600,"Office, Retail Store",48.0,1072151.375,0.0,961739.0,110412.0,False,Compliant,12.57
2623,1961,1.0,2,55974,0,55974,Senior Care Community,109.5999985,6135173.0,0.0,2657803.0,3477370.0,False,Compliant,203.21
2626,1971,1.0,2,52901,0,52901,K-12 School,42.29999924,2240342.0,0.0,1273997.0,966345.0,True,Error - Correct Default Data,60.2
2628,1954,1.0,1,22583,0,22583,Senior Care Community,87.69999695,1981360.0,0.0,743706.0,1237654.0,False,Compliant,70.92
2631,1997,0.0,3,31686,7358,24328,"Food Service, Library, Office, Parking",72.80000305,2305643.5,0.0,2305643.0,0.0,False,Compliant,16.07
2632,1981,1.0,3,26694,6034,20660,"Office, Parking",28.89999962,720170.6875,0.0,720171.0,0.0,False,Compliant,5.02
2636,1972,1.0,1,29400,0,29400,Non-Refrigerated Warehouse,9.100000381,227509.5,0.0,227509.0,0.0,False,Compliant,1.59
2637,1992,1.0,3,22452,0,22452,Hotel,55.40000153,1244150.0,0.0,524385.0,719765.0,False,Compliant,41.88
2642,1912,1.0,2,25767,0,25767,Bank Branch,90.69999695,1581352.75,0.0,1581352.0,0.0,False,Compliant,11.02
2643,1953,1.0,4,33910,0,33910,"Office, Retail Store",62.79999924,1822834.25,0.0,1270124.0,552710.0,False,Compliant,38.21
2644,1927,1.0,2,78401,0,78401,"K-12 School, Office, Supermarket/Grocery Store, Worship Facility",31.39999962,2462408.25,0.0,939974.0,1522434.0,False,Compliant,87.41
2654,1979,1.0,2,78716,0,78716,"Non-Refrigerated Warehouse, Office, Other, Retail Store",52.09999847,4103800.75,0.0,3680806.0,422994.0,False,Compliant,48.13
2655,1910,1.0,2,33300,0,33300,K-12 School,51.90000153,1594733.625,0.0,335907.0,1258827.0,False,Compliant,69.2
2656,1957,1.0,1,28808,0,28808,Supermarket/Grocery Store,296.2000122,9232576.0,0.0,5713530.0,3519045.0,False,Compliant,226.73
2667,1957,1.0,1,27966,7004,20962,"Office, Parking",52.5,1100499.75,0.0,1100500.0,0.0,False,Compliant,7.67
2668,1950,1.0,1,26226,0,26226,"Parking, Supermarket/Grocery Store",293.7999878,7588060.5,0.0,5349470.0,2238590.0,False,Compliant,156.18
2670,1928,,2,20760,0,20760,,,,,,,False,Non-Compliant,
2671,1976,1.0,2,34948,15755,19193,"Bank Branch, Parking",60.5,1159807.125,0.0,1159807.0,0.0,False,Compliant,8.09
2680,1998,1.0,3,37639,9999,27640,"Laboratory, Office",221.3999939,6197824.5,0.0,6197824.0,0.0,False,Compliant,43.21
2682,1900,1.0,4,22840,0,22840,"Office, Other",38.59999847,881386.1875,0.0,881386.0,0.0,True,Error - Correct Default Data,6.14
2683,1900,1.0,1,21420,0,21420,"Bar/Nightclub, Food Sales, Museum, Retail Store, Supermarket/Grocery Store",41.70000076,810636.875,0.0,722467.0,88170.0,False,Compliant,9.72
2684,1900,1.0,1,20880,0,20880,Office,32.70000076,683274.0,0.0,683274.0,0.0,False,Compliant,4.76
2686,1966,1.0,3,26000,0,26000,"Office, Other - Entertainment/Public Assembly",40.90000153,1063035.875,0.0,820061.0,242975.0,False,Compliant,18.62
2687,1900,1.0,3,38675,0,38675,"Office, Restaurant",118.4000015,1938776.75,0.0,1280095.0,658682.0,False,Compliant,43.91
2688,1929,1.0,4,49951,0,49951,"Office, Other",91.59999847,5134446.0,382080.0,2092919.0,2659447.0,False,Compliant,185.33
2691,2010,1.0,2,25880,0,25880,Medical Office,75.0,1941728.75,0.0,1805820.0,135908.0,False,Compliant,19.81
2695,1927,1.0,3,41013,0,41013,"Office, Worship Facility",31.39999962,1080821.0,0.0,432910.0,647911.0,False,Compliant,37.43
2697,2004,1.0,2,21075,0,21075,"Office, Social/Meeting Hall",75.0,1581036.75,0.0,652060.0,928977.0,False,Compliant,53.88
2699,1950,1.0,3,46485,0,46485,Worship Facility,24.20000076,1544995.75,0.0,759192.0,785803.0,False,Compliant,47.03
2704,1965,1.0,4,56896,0,56896,"Office, Parking",34.40000153,1402048.5,0.0,997123.0,404925.0,False,Compliant,28.46
2706,1978,1.0,2,27500,0,27500,Worship Facility,21.0,577123.125,0.0,343669.0,233454.0,False,Compliant,14.79
2707,1930,1.0,2,36630,0,36630,"Distribution Center, Office",16.39999962,541943.3125,0.0,541943.0,0.0,False,Compliant,3.78
2708,1900,0.0,3,26830,0,26830,"Office, Other",78.19999695,2099386.75,0.0,1095970.0,1003417.0,False,Compliant,60.93
2709,1906,1.0,5,41920,0,41920,Office,26.29999924,1103594.75,0.0,1103595.0,0.0,False,Compliant,7.69
2710,1905,1.0,5,36879,0,36879,Office,34.90000153,1537570.25,0.0,1186017.0,351553.0,False,Compliant,26.94
2711,1904,1.0,6,29820,0,29820,Other - Lodging/Residential,53.70000076,1601955.625,0.0,1069795.0,532160.0,False,Compliant,35.72
2715,1905,0.0,2,33640,0,33640,Office,39.5,1078535.75,0.0,1078536.0,0.0,False,Compliant,7.52
2716,1906,1.0,4,43484,0,43484,"Non-Refrigerated Warehouse, Office, Retail Store",36.0,1567040.75,0.0,1567041.0,0.0,False,Compliant,10.92
2720,1900,1.0,3,22480,0,22480,"Office, Other, Retail Store",34.09999847,981009.125,0.0,981009.0,0.0,False,Compliant,6.84
2721,1925,1.0,4,33018,0,33018,"Hotel, Retail Store",165.5,4857581.5,0.0,1827547.0,3030034.0,False,Compliant,173.67
2723,1970,1.0,2,26510,0,26510,Office,32.0,987063.6875,0.0,893799.0,93265.0,False,Compliant,11.18
2737,1938,1.0,1,40028,0,40028,"Non-Refrigerated Warehouse, Office, Retail Store",19.0,942415.1875,0.0,938199.0,4216.0,False,Compliant,6.76
2738,2007,1.0,3,44510,18228,26282,"Office, Parking",83.30000305,2188051.25,0.0,2188051.0,0.0,False,Compliant,15.25
2739,1954,1.0,1,21624,0,21624,Worship Facility,30.79999924,666687.5,0.0,313117.0,353571.0,False,Compliant,20.96
2742,1970,1.0,1,42239,0,42239,K-12 School,44.0,2145603.5,0.0,894324.0,1251280.0,True,Error - Correct Default Data,72.69
2744,1925,1.0,3,51360,0,51360,K-12 School,27.5,1403094.75,0.0,960186.0,442909.0,True,Error - Correct Default Data,30.22
2747,1993,0.0,3,21600,0,21600,"Office, Restaurant",71.30000305,1539176.625,0.0,1069041.0,470135.0,False,Compliant,32.42
2748,1909,1.0,3,20620,0,20620,"Multifamily Housing, Retail Store, Social/Meeting Hall",36.20000076,747456.875,0.0,410059.0,337398.0,False,Compliant,20.78
2751,1910,1.0,5,40552,0,40552,Hotel,29.60000038,1200180.875,0.0,227435.0,972746.0,False,Compliant,53.25
2759,1909,1.0,3,31432,0,31432,"Multifamily Housing, Office, Other",45.79999924,1439572.375,0.0,1439572.0,0.0,False,Compliant,10.04
2761,1917,1.0,2,24550,0,24550,"Office, Retail Store",39.79999924,977230.3125,0.0,90201.0,114794.0,False,Compliant,6.73
2767,2000,1.0,2,61052,0,61052,K-12 School,38.79999924,2366929.5,0.0,1688937.0,677992.0,True,Error - Correct Default Data,47.78
2770,1908,1.0,3,25864,0,25864,"Office, Social/Meeting Hall",47.20000076,1028277.313,0.0,433559.0,594718.0,False,Compliant,34.61
2774,1924,1.0,3,20686,0,20686,Other - Lodging/Residential,58.40000153,1207504.0,0.0,464268.0,743236.0,False,Compliant,42.71
2775,1929,1.0,3,22124,0,22124,Residence Hall/Dormitory,28.79999924,637685.0,0.0,637685.0,0.0,False,Compliant,4.45
2778,1926,1.0,3,27487,0,27487,Residence Hall/Dormitory,58.0,1594504.875,0.0,406046.0,1188459.0,False,Compliant,65.95
2779,1926,1.0,4,23616,0,23616,Residence Hall/Dormitory,70.09999847,1656420.25,0.0,743927.0,912493.0,False,Compliant,53.65
2781,1976,1.0,3,33448,0,33448,Residence Hall/Dormitory,29.89999962,998633.5,0.0,998633.0,0.0,False,Compliant,6.96
2782,2005,0.0,2,29508,7120,22388,"Fitness Center/Health Club/Gym, Office, Other - Recreation, Other - Technology/Science, Parking, Pre-school/Daycare",99.19999695,2217620.0,0.0,791940.0,1425680.0,False,Compliant,81.24
2783,1987,1.0,2,74840,0,74840,Senior Care Community,110.5,8268496.5,0.0,4111042.0,4157454.0,False,Compliant,249.46
2784,1913,1.0,3,20992,0,20992,"Other - Education, Performing Arts, Social/Meeting Hall",80.09999847,2473302.0,0.0,576892.0,1896410.0,False,Compliant,104.74
2785,1925,1.0,2,22344,0,22344,K-12 School,68.09999847,1522596.75,0.0,555586.0,967011.0,False,Compliant,55.23
2789,1921,1.0,3,31900,0,31900,College/University,94.80000305,2466100.0,0.0,753713.0,1712387.0,False,Compliant,96.2
2790,1950,1.0,2,29417,0,29417,"Fitness Center/Health Club/Gym, Office, Other - Recreation, Pre-school/Daycare",54.90000153,1631479.125,0.0,658940.0,972539.0,False,Compliant,56.25
2791,1909,1.0,3,49299,0,49299,"Multifamily Housing, Office, Restaurant",89.19999695,4729846.5,0.0,1323792.0,0.0,False,Compliant,9.23
2795,1997,1.0,1,31841,0,31841,"Office, Supermarket/Grocery Store",412.7000122,13140574.0,0.0,6365315.0,6775259.0,False,Compliant,404.21
2798,1988,1.0,2,21036,0,21036,"Fitness Center/Health Club/Gym, Medical Office, Office, Parking, Restaurant",130.1000061,2735811.5,0.0,1450920.0,1284891.0,False,Compliant,78.36
2800,1999,1.0,2,32928,0,32928,"Office, Other, Parking, Retail Store",172.1000061,5652231.0,0.0,5652230.0,0.0,False,Compliant,39.4
2801,1954,1.0,2,20039,0,20039,Worship Facility,5.199999809,104722.2969,0.0,104722.0,0.0,False,Non-Compliant,0.73
2802,1928,1.0,2,54943,0,54943,K-12 School,37.70000076,2155390.25,0.0,665637.0,1489754.0,True,Error - Correct Default Data,83.76
2803,1960,1.0,1,44476,0,44476,Non-Refrigerated Warehouse,33.20000076,1368120.5,0.0,931104.0,437016.0,False,Compliant,29.7
2804,1969,1.0,1,35017,0,35017,"Non-Refrigerated Warehouse, Office, Parking",43.20000076,1295485.25,0.0,904631.0,390854.0,False,Compliant,27.06
2805,1950,1.0,3,29084,0,29084,Residence Hall/Dormitory,62.79999924,1632498.625,0.0,560665.0,1071834.0,False,Compliant,60.83
2815,1963,1.0,2,22952,0,22952,"Parking, Worship Facility",20.5,470666.6875,0.0,123878.0,346789.0,False,Compliant,19.28
2829,1976,1.0,1,21040,0,21040,Non-Refrigerated Warehouse,28.10000038,592088.125,0.0,266815.0,325273.0,False,Compliant,19.14
2830,1951,1.0,2,28032,0,28032,Non-Refrigerated Warehouse,44.0,1321065.0,0.0,510536.0,810529.0,False,Compliant,46.61
2831,1974,1.0,1,25620,0,25620,Distribution Center,21.5,550324.1875,0.0,189949.0,360375.0,False,Compliant,20.46
2832,1992,1.0,3,33238,0,33238,Non-Refrigerated Warehouse,49.09999847,1632472.0,0.0,1632472.0,0.0,False,Compliant,11.38
2833,1912,1.0,4,27800,0,27800,K-12 School,106.5,1181428.75,0.0,528460.0,652969.0,False,Compliant,38.36
2835,2000,1.0,6,706176,0,706176,"Bank Branch, Office, Parking",58.20000076,13270687.0,0.0,13270685.0,0.0,False,Compliant,92.52
2839,1998,1.0,1,33706,0,33706,Supermarket/Grocery Store,273.7000122,8687690.0,0.0,5528496.0,3159194.0,False,Compliant,206.33
2841,1961,1.0,2,37600,0,37600,"Non-Refrigerated Warehouse, Office, Other",57.79999924,2171751.5,0.0,472249.0,1699502.0,False,Compliant,93.55
2851,1954,1.0,1,42128,0,42128,K-12 School,40.59999847,1709307.5,0.0,893537.0,815770.0,False,Compliant,49.55
2857,1932,1.0,2,44753,0,44753,K-12 School,35.20000076,1638691.625,0.0,558868.0,1079824.0,True,Error - Correct Default Data,61.25
2862,1912,1.0,3,33708,0,33708,Other,23.29999924,786324.0,166488.4063,567086.0,52750.0,False,Compliant,19.61
2881,1948,1.0,2,47237,0,47237,Other,125.5,5981430.0,0.0,5981430.0,0.0,False,Compliant,41.7
2894,1989,1.0,2,57298,0,57298,K-12 School,26.10000038,1586388.75,0.0,1586389.0,0.0,True,Error - Correct Default Data,11.06
2896,1997,1.0,1,76585,38585,38000,"Parking, Supermarket/Grocery Store",335.5,13906080.0,0.0,8112028.0,5794050.0,False,Compliant,364.27
2897,1938,1.0,3,26373,0,26373,Worship Facility,36.59999847,964236.0,0.0,282478.0,681758.0,False,Compliant,38.18
2901,1956,6.0,2,75868,0,75868,"Non-Refrigerated Warehouse, Office, Restaurant, Retail Store",47.5,3605749.75,0.0,3605750.0,0.0,False,Compliant,25.14
2904,1947,1.0,2,21656,0,21656,"Office, Other - Entertainment/Public Assembly, Other - Public Services, Restaurant, Urgent Care/Clinic/Other Outpatient",74.30000305,1607972.25,0.0,726238.0,881734.0,False,Compliant,51.89
2912,1921,1.0,3,23040,0,23040,Distribution Center,18.29999924,421430.0,0.0,421430.0,0.0,False,Compliant,2.94
2913,1956,1.0,2,36771,0,36771,Other,156.3000031,5447076.5,0.0,5447076.0,0.0,False,Compliant,37.97
2916,1977,1.0,1,24024,0,24024,"Non-Refrigerated Warehouse, Other - Services",15.60000038,375773.5938,0.0,375773.0,0.0,False,Compliant,2.62
2917,1953,1.0,1,42420,0,42420,"Non-Refrigerated Warehouse, Office, Other",22.79999924,965425.1875,0.0,474320.0,491105.0,False,Compliant,29.39
2918,1979,1.0,1,36982,0,36982,"Distribution Center, Office",10.10000038,374753.8125,0.0,282354.0,92400.0,False,Compliant,6.88
2919,1964,1.0,2,23400,0,23400,"Non-Refrigerated Warehouse, Office, Parking",18.79999924,439266.9063,0.0,439267.0,0.0,False,Compliant,3.06
2924,1948,1.0,2,30720,0,30720,"Office, Other, Parking",57.79999924,1683064.25,0.0,482047.0,1201017.0,False,Compliant,67.15
2926,1972,1.0,1,23232,0,23232,Non-Refrigerated Warehouse,5.5,127374.0,0.0,127374.0,0.0,False,Compliant,0.89
2927,1974,1.0,1,35046,0,35046,Non-Refrigerated Warehouse,32.70000076,1063269.125,0.0,841364.0,221905.0,False,Compliant,17.65
2928,1961,1.0,1,25577,0,25577,"Non-Refrigerated Warehouse, Office, Refrigerated Warehouse",35.0,895784.6875,0.0,723667.0,172117.0,False,Compliant,14.19
2929,1974,1.0,1,43380,0,43380,Non-Refrigerated Warehouse,9.5,405062.0,0.0,405062.0,0.0,False,Compliant,2.82
2930,1995,1.0,3,20410,0,20410,Office,133.3000031,2720238.25,0.0,1444160.0,1276078.0,False,Compliant,77.84
2938,1983,1.0,3,24696,6300,18396,"Office, Parking",33.90000153,624125.625,0.0,624125.0,0.0,False,Compliant,4.35
2944,1956,1.0,1,45174,0,45174,K-12 School,43.79999924,1980825.25,0.0,786971.0,1193854.0,True,Error - Correct Default Data,68.89
2945,2002,1.0,1,24955,0,24955,Worship Facility,27.60000038,689803.0,0.0,320006.0,369797.0,False,Compliant,21.87
2962,1991,1.0,3,34074,0,34074,Other/Specialty Hospital,250.1000061,8521989.0,0.0,3603789.0,4918200.0,False,Compliant,286.33
2963,2006,0.0,10,392552,22225,370327,"Hotel, Parking",88.0,17457560.0,0.0,10914911.0,6542646.0,False,Compliant,423.57
2981,1961,1.0,2,76475,0,76475,"Other - Education, Worship Facility",23.10000038,1765813.625,0.0,573241.0,1192573.0,False,Compliant,67.33
2982,1988,1.0,2,32961,0,32961,K-12 School,47.70000076,1573155.0,0.0,446659.0,1126496.0,False,Compliant,62.94
2985,2004,1.0,1,27376,14570,12806,"Library, Parking",84.59999847,1082920.125,0.0,668530.0,414390.0,False,Compliant,26.67
2993,1950,1.0,1,109794,0,109794,K-12 School,30.0,3296526.25,0.0,1294767.0,2001759.0,False,Compliant,115.34
2995,1911,1.0,3,25200,0,25200,Other - Lodging/Residential,49.29999924,1242666.25,0.0,281188.0,961478.0,False,Compliant,53.02
2996,1996,1.0,1,44755,0,44755,Supermarket/Grocery Store,245.1999969,11521140.0,0.0,5923610.0,5597529.0,False,Compliant,338.58
2997,1907,1.0,2,22320,0,22320,"Repair Services (Vehicle, Shoe, Locksmith, etc)",9.399999619,209644.9063,0.0,137286.0,72359.0,False,Compliant,4.8
2998,1912,1.0,3,24000,0,24000,"Office, Other, Retail Store",38.79999924,932083.5,0.0,876004.0,56079.0,False,Compliant,9.09
2999,1920,1.0,3,23422,0,23422,Office,115.4000015,2701872.0,0.0,334292.0,2367580.0,False,Compliant,128.07
3000,1975,5.0,2,38879,11328,27551,Urgent Care/Clinic/Other Outpatient,86.69999695,3371659.75,0.0,3257087.0,114572.0,False,Compliant,28.79
3003,1998,1.0,5,53034,14625,38409,"Multifamily Housing, Parking, Supermarket/Grocery Store",92.30000305,3392129.0,0.0,2091625.0,1300504.0,False,Compliant,83.65
3009,1920,1.0,2,23040,0,23040,Non-Refrigerated Warehouse,3.5,79711.79688,0.0,72845.0,6867.0,False,Compliant,0.87
3012,1958,1.0,2,61880,0,61880,Non-Refrigerated Warehouse,9.600000381,595936.5,0.0,595937.0,0.0,False,Compliant,4.15
3014,1925,1.0,2,27938,0,27938,"Office, Retail Store",37.90000153,1027394.313,0.0,1024252.0,3142.0,False,Compliant,7.31
3019,1924,1.0,2,21600,0,21600,"Other - Services, Retail Store",38.40000153,1623657.0,0.0,1623657.0,0.0,False,Compliant,11.32
3020,1929,1.0,3,27908,0,27908,Other,92.69999695,2028125.625,0.0,964426.0,1063700.0,False,Compliant,63.22
3022,2000,1.0,2,30562,0,30562,K-12 School,53.09999847,1622231.375,0.0,659450.0,962781.0,False,Compliant,55.73
3024,2000,1.0,3,54969,0,54969,Retail Store,67.69999695,3724098.25,0.0,3434704.0,289394.0,False,Compliant,39.31
3025,1951,1.0,2,36825,0,36825,"K-12 School, Office, Social/Meeting Hall, Worship Facility",27.20000076,1755072.75,0.0,911763.0,843310.0,False,Compliant,51.14
3028,1958,1.0,3,25834,0,25834,Office,65.19999695,2076289.625,0.0,1219253.0,857036.0,False,Compliant,54.02
3032,1929,1.0,1,37700,0,37700,Worship Facility,66.69999695,3481727.5,0.0,751827.0,2729901.0,False,Compliant,150.23
3036,1925,1.0,2,27273,0,27273,K-12 School,46.09999847,1258619.125,0.0,436535.0,822084.0,True,Error - Correct Default Data,46.7
3041,2004,1.0,6,97229,0,97229,"Multifamily Housing, Parking, Retail Store",16.39999962,1021754.688,0.0,1021754.0,0.0,False,Compliant,7.12
3045,1982,1.0,3,25111,0,25111,"Non-Refrigerated Warehouse, Office, Parking",43.20000076,954352.6875,0.0,557279.0,397074.0,False,Compliant,24.97
3057,1953,1.0,2,31805,0,31805,Worship Facility,51.59999847,1641667.0,0.0,407379.0,1234288.0,False,Compliant,68.39
3058,1953,1.0,1,20811,0,20811,K-12 School,60.90000153,1267348.5,0.0,505796.0,761553.0,False,Compliant,43.97
3060,1967,1.0,2,22058,0,22058,"Non-Refrigerated Warehouse, Office",99.69999695,1987334.75,0.0,847726.0,1139608.0,False,Compliant,66.43
3063,1970,1.0,1,22890,0,22890,"Office, Refrigerated Warehouse",215.8999939,10005787.0,0.0,8922015.0,1083771.0,False,Compliant,119.76
3064,1907,1.0,5,36000,0,36000,Other,30.89999962,1111293.75,0.0,346376.0,764918.0,False,Compliant,43.04
3065,1971,1.0,1,28320,0,28320,"Distribution Center, Parking",149.6000061,4236396.5,0.0,3403624.0,832772.0,False,Compliant,67.96
3072,1955,1.0,1,29079,0,29079,Worship Facility,29.60000038,861643.6875,0.0,511118.0,350526.0,False,Compliant,22.18
3073,1982,1.0,3,28848,9616,19232,"Office, Parking",37.79999924,726917.5,0.0,726917.0,0.0,False,Compliant,5.07
3076,1988,1.0,2,20535,0,20535,"Distribution Center, Office",84.19999695,1835804.0,0.0,1274260.0,561544.0,False,Compliant,38.71
3077,1985,1.0,2,43025,0,43025,"Laboratory, Other",218.3000031,9393108.0,0.0,5264469.0,4128638.0,False,Compliant,255.97
3079,1965,1.0,1,30800,0,30800,Non-Refrigerated Warehouse,15.80000019,485971.0,0.0,485971.0,0.0,False,Compliant,3.39
3087,1900,1.0,3,22168,0,22168,"Multifamily Housing, Other - Entertainment/Public Assembly",80.5,1784385.25,0.0,982475.0,801910.0,False,Compliant,49.44
3088,1922,1.0,1,37400,0,37400,"Distribution Center, Non-Refrigerated Warehouse, Supermarket/Grocery Store",24.70000076,924192.6875,0.0,894740.0,29453.0,False,Compliant,7.8
3094,2000,1.0,11,268130,0,268130,Office,56.0,15026352.0,0.0,14980783.0,45567.0,False,Compliant,106.86
3095,2000,1.0,11,68452,0,68452,"Bank Branch, Office",55.29999924,3782378.25,0.0,3782378.0,0.0,False,Compliant,26.37
3096,2000,1.0,11,273185,0,273185,Office,52.20000076,14709151.0,0.0,14709149.0,0.0,False,Compliant,102.54
3097,1924,1.0,3,97500,0,97500,K-12 School,38.29999924,3736960.0,0.0,910698.0,2826262.0,False,Compliant,156.45
3098,1982,1.0,5,54015,0,54015,Office,55.90000153,3020001.5,0.0,3020001.0,0.0,False,Compliant,21.05
3105,1985,1.0,13,42000,0,42000,"Office, Other, Other - Restaurant/Bar, Strip Mall",148.0,7798464.0,2513519.25,4351882.0,933062.0,False,Compliant,273.91
3108,1982,0.0,24,119701,0,119701,"Office, Retail Store",70.0,8382140.5,0.0,8382139.0,0.0,False,Compliant,58.44
3109,1965,1.0,1,24697,0,24697,"Library, Other - Services",64.69999695,1295685.75,0.0,859009.0,436677.0,False,Compliant,29.18
3110,2013,2.0,1,57468,0,57468,College/University,52.29999924,3543985.5,0.0,2133182.0,1410803.0,False,Compliant,89.8
3111,2006,1.0,5,84000,0,84000,College/University,144.5,12184124.0,0.0,4446528.0,7737596.0,False,Compliant,441.94
3114,1991,1.0,3,103000,0,103000,Retail Store,50.59999847,5214621.5,0.0,4243144.0,971477.0,False,Compliant,81.18
3115,2008,1.0,1,37864,0,37864,Supermarket/Grocery Store,212.0,8025696.0,0.0,5407602.0,2618093.0,False,Compliant,176.75
3116,1950,1.0,2,66497,0,66497,Supermarket/Grocery Store,139.6999969,9290214.0,0.0,9133009.0,157203.0,False,Compliant,72.02
3117,2006,1.0,4,34010,0,34010,Retail Store,92.69999695,3560614.25,0.0,3560614.0,0.0,False,Compliant,24.82
3118,2006,1.0,4,45980,0,45980,Supermarket/Grocery Store,180.6000061,8305255.0,0.0,5369235.0,2936020.0,False,Compliant,193.36
3121,1996,0.0,3,45743,0,45743,Retail Store,117.4000015,5313217.0,0.0,4307444.0,1005772.0,False,Compliant,83.45
3123,1991,1.0,1,45000,0,45000,"Fitness Center/Health Club/Gym, Swimming Pool",77.90000153,3505497.0,0.0,1051644.0,2453853.0,False,Compliant,137.66
3124,1999,1.0,6,333698,0,333698,"Other - Entertainment/Public Assembly, Parking",41.09999847,13730204.0,0.0,9401937.0,4328267.0,False,Compliant,295.42
3125,1904,1.0,4,72859,0,72859,Non-Refrigerated Warehouse,20.60000038,1498457.875,0.0,1455485.0,42973.0,False,Compliant,12.43
3126,2009,1.0,2,138705,0,138705,K-12 School,35.79999924,4959298.0,0.0,3004396.0,1954902.0,True,Error - Correct Default Data,124.77
3129,2004,1.0,3,21947,0,21947,"Office, Other, Parking",57.79999924,1554599.25,0.0,969591.0,585008.0,False,Compliant,37.83
3130,1940,1.0,0,384772,0,384772,"Non-Refrigerated Warehouse, Office",36.70000076,15206762.0,0.0,9014872.0,6191888.0,False,Compliant,391.7
3131,1960,1.0,0,30287,0,30287,Medical Office,78.19999695,2193115.0,0.0,1815405.0,377710.0,False,Compliant,32.72
3132,1960,1.0,0,21931,0,21931,Office,124.0,3947209.25,0.0,1398591.0,2548619.0,False,Compliant,145.11
3133,1985,1.0,6,73102,0,73102,"Office, Parking",46.5,4307238.5,0.0,4307238.0,0.0,False,Compliant,30.03
3134,1916,1.0,2,140823,59401,81422,"Multifamily Housing, Parking, Personal Services (Health/Beauty, Dry Cleaning, etc), Retail Store, Supermarket/Grocery Store",19.70000076,2762846.0,0.0,2554939.0,207907.0,False,Compliant,28.85
3136,1966,5.0,1,87458,0,87458,"Data Center, Distribution Center, Office, Other",96.90000153,8475238.0,0.0,3890327.0,4584911.0,False,Compliant,270.63
3141,2011,1.0,1,51400,0,51400,"Parking, Supermarket/Grocery Store",225.6999969,11702959.0,0.0,6889168.0,4813790.0,False,Compliant,303.69
3144,1993,1.0,1,26263,0,26263,Office,62.20000076,1634669.375,0.0,1634669.0,0.0,False,Compliant,11.4
3152,1906,1.0,2,39212,0,39212,Other,1.799999952,72370.39844,0.0,72371.0,0.0,False,Non-Compliant,0.5
3155,1968,0.0,1,21400,0,21400,"Fitness Center/Health Club/Gym, Other - Recreation, Swimming Pool",249.3000031,5170809.5,0.0,2514599.0,2656210.0,False,Compliant,158.6
3156,2000,1.0,8,178000,0,178000,Laboratory,292.2000122,53166156.0,31030194.0,22135959.0,0.0,False,Compliant,2549.47
3158,2005,1.0,4,162157,0,162157,"Office, Other - Services",251.6000061,40613740.0,0.0,35110865.0,5502867.0,False,Compliant,537.03
3160,2003,1.0,4,33997,0,33997,"Parking, Supermarket/Grocery Store",262.6000061,8926736.0,0.0,8224625.0,702110.0,False,Compliant,94.63
3162,2012,1.0,11,526423,0,526423,"Office, Other, Parking",42.79999924,17463744.0,0.0,16565434.0,898308.0,False,Compliant,163.19
3163,1902,1.0,6,74211,0,74211,"Multifamily Housing, Office, Parking",21.5,1357119.875,0.0,1357120.0,0.0,False,Compliant,9.46
3165,1988,1.0,2,45700,0,45700,Non-Refrigerated Warehouse,5.300000191,1544193.75,0.0,1441594.0,102600.0,False,Compliant,15.5
3166,1952,1.0,1,116101,0,116101,K-12 School,0.0,0.0,0.0,0.0,4993620.0,False,Missing Data,265.21
3168,1929,8.0,0,502030,0,502030,Other - Recreation,32.70000076,18470340.0,0.0,9359884.0,9110455.0,False,Compliant,549.11
3171,2012,1.0,2,53575,0,53575,Urgent Care/Clinic/Other Outpatient,593.5999756,31803568.0,0.0,23173477.0,8630089.0,False,Compliant,619.9
3173,2012,1.0,6,157345,0,157345,Office,73.90000153,11624548.0,0.0,11385578.0,238969.0,False,Compliant,92.07
3175,2012,1.0,5,136758,0,136758,Residence Hall/Dormitory,30.29999924,6275367.5,0.0,3420620.0,2854748.0,False,Compliant,175.46
3176,2012,1.0,7,192259,0,192259,"Residence Hall/Dormitory, Supermarket/Grocery Store",44.90000153,8767617.0,0.0,5931729.0,2835888.0,False,Compliant,191.97
3178,2012,2.0,2,137138,0,137138,Other - Utility,39.5,5475367.0,0.0,5475366.0,0.0,False,Compliant,38.17
3182,2012,1.0,7,267470,0,267470,"Hospital (General Medical & Surgical), Other",159.1999969,42584028.0,18547858.0,23795911.0,0.0,False,Compliant,1597.56
3187,2013,1.0,8,330000,0,330000,Hospital (General Medical & Surgical),239.1999969,57764408.0,0.0,27703081.0,30061325.0,False,Compliant,1789.69
3192,1918,1.0,3,43832,0,43832,"Hotel, Parking, Retail Store",92.19999695,3886545.0,0.0,1343774.0,2542771.0,False,Compliant,144.41
3193,1987,1.0,6,146363,0,146363,Strip Mall,80.09999847,11730555.0,0.0,6438541.0,5292013.0,False,Compliant,325.94
3198,2011,1.0,1,67263,0,67263,Supermarket/Grocery Store,218.5,14697487.0,0.0,9272449.0,5425036.0,False,Compliant,352.77
3199,1988,1.0,13,354086,149326,204760,"Data Center, Multifamily Housing, Office, Other, Parking",56.70000076,13458948.0,0.0,12288296.0,1170651.0,False,Compliant,147.84
3201,2008,1.0,2,70292,0,70292,Worship Facility,27.5,1933811.625,0.0,977731.0,956080.0,False,Compliant,57.59
3203,1975,1.0,7,90679,35120,55559,"Data Center, Parking",694.7000122,41680640.0,0.0,41680634.0,0.0,False,Compliant,290.57
3205,2013,0.0,8,339591,114010,225581,"Convenience Store without Gas Station, Laboratory, Parking",240.8999939,41696464.0,0.0,24410204.0,17286256.0,False,Compliant,1088.25
3206,2013,1.0,6,52000,0,52000,Office,7.099999905,342726.0938,0.0,-115417.0,0.0,False,Compliant,-0.8
3214,2014,1.0,2,35780,0,35780,K-12 School,76.59999847,2912264.0,0.0,2234214.0,678050.0,False,Compliant,51.59
3216,2013,1.0,3,105061,28217,76844,"Office, Parking",16.29999924,1363191.625,0.0,1363192.0,0.0,False,Compliant,9.5
3218,2013,1.0,3,62662,14989,47673,Office,53.20000076,2502131.0,0.0,2444599.0,57532.0,False,Compliant,20.1
3221,2013,1.0,4,62381,22948,39433,"Hotel, Parking, Swimming Pool",58.0,3497215.5,0.0,3497215.0,0.0,False,Compliant,24.38
3228,2013,1.0,6,79805,0,79805,"Parking, Senior Care Community",94.40000153,7531325.0,0.0,4663661.0,2867663.0,False,Compliant,184.81
3230,2014,1.0,2,48925,0,48925,K-12 School,26.20000076,1662054.125,0.0,1384383.0,246907.0,False,Compliant,22.76
3232,1962,0.0,1,29000,0,29000,Other,83.40000153,2429214.0,0.0,1604709.0,824505.0,False,Compliant,54.98
3233,2013,1.0,6,305025,239252,65773,"Lifestyle Center, Medical Office",76.59999847,25959642.0,0.0,12331431.0,13628209.0,False,Compliant,809.76
3235,2014,1.0,7,333714,146687,187027,"Office, Parking",23.89999962,4581493.0,0.0,4359095.0,222397.0,False,Compliant,42.2
3240,2014,1.0,2,56988,0,56988,"Automobile Dealership, Parking",22.20000076,544172.375,0.0,276732.0,267440.0,False,Compliant,16.13
3252,2007,4.0,2,149856,0,149856,College/University,42.29999924,6335315.5,0.0,4967236.0,1368079.0,False,Compliant,107.29
3253,2010,1.0,2,44162,0,44162,"Parking, Pre-school/Daycare",35.0,1546484.875,0.0,953635.0,592850.0,False,Compliant,38.13
3254,2013,1.0,1,53775,0,53775,"Fitness Center/Health Club/Gym, Office, Other - Education, Other - Recreation, Other - Technology/Science, Pre-school/Daycare, Swimming Pool",224.8999939,12095818.0,0.0,4007401.0,8088416.0,False,Compliant,457.51
3259,1912,0.0,2,64820,0,64820,"Movie Theater, Office, Vocational School",38.40000153,2274296.75,0.0,1980767.0,293529.0,False,Compliant,29.4
3260,1993,1.0,2,99765,0,99765,College/University,31.89999962,3185005.25,0.0,2055974.0,1129031.0,False,Compliant,74.3
3261,1925,1.0,3,428347,0,428347,College/University,78.40000153,37022180.0,13556219.0,21930618.0,1535341.0,False,Compliant,1280.81
3264,1920,1.0,8,374466,0,374466,Hospital (General Medical & Surgical),162.3000031,163945984.0,73885472.0,90060497.0,0.0,False,Compliant,6330.91
3267,1989,1.0,3,197395,156000,41395,"Office, Other - Public Services, Personal Services (Health/Beauty, Dry Cleaning, etc), Senior Care Community",62.79999924,2737534.5,0.0,1888063.0,849471.0,False,Compliant,58.28
3268,2010,1.0,8,41198,0,41198,Supermarket/Grocery Store,188.6000061,7768057.5,0.0,7151865.0,616192.0,False,Compliant,82.58
3270,2014,1.0,1,20993,0,20993,"Repair Services (Vehicle, Shoe, Locksmith, etc)",44.0,923812.8125,0.0,795829.0,98912.0,False,Compliant,10.8
3273,2009,1.0,0,40265,0,40265,Pre-school/Daycare,53.59999847,2159170.25,0.0,1371703.0,787467.0,False,Compliant,51.39
3274,1900,111.0,0,9320156,0,9320156,College/University,93.80000305,873923712.0,84985240.0,657074389.0,0.0,False,Compliant,11140.56
3275,1969,1.0,4,58779,0,58779,College/University,85.09999847,5000717.0,0.0,3719217.0,0.0,False,Compliant,25.93
3276,2011,1.0,0,176225,0,176225,"Parking, Residence Hall/Dormitory",28.0,4926695.0,0.0,3424588.0,1502107.0,False,Compliant,103.65
3277,1998,1.0,6,203030,0,203030,College/University,252.0,51168308.0,0.0,28614613.0,0.0,False,Compliant,199.48
3278,1953,1.0,0,166991,0,166991,Residence Hall/Dormitory,95.59999847,15965859.0,0.0,8902529.0,7063329.0,False,Compliant,437.2
3279,1970,1.0,0,89392,0,89392,Residence Hall/Dormitory,77.90000153,6960904.5,0.0,6960904.0,0.0,False,Compliant,48.53
3280,2011,1.0,0,97040,0,97040,Residence Hall/Dormitory,40.09999847,3894142.5,0.0,3129824.0,764318.0,False,Compliant,62.41
3281,2014,1.0,6,427181,0,427181,"Office, Parking",38.29999924,16371039.0,0.0,14213039.0,2157998.0,False,Compliant,213.7
3290,2014,1.0,4,101580,14004,87576,Self-Storage Facility,10.69999981,940844.6875,0.0,868162.0,72683.0,False,Compliant,9.91
3294,2014,1.0,3,33648,0,33648,"Automobile Dealership, Parking",35.90000153,1399581.625,0.0,1399582.0,0.0,False,Compliant,9.76
3312,2015,1.0,5,37873,0,37873,"Multifamily Housing, Office, Parking, Restaurant, Retail Store",62.0,2346692.5,0.0,1292155.0,1054537.0,False,Compliant,65.01
3317,2015,1.0,10,513816,0,513816,"Office, Parking, Restaurant",52.09999847,18760766.0,0.0,16953109.0,1807655.0,False,Compliant,214.19
3319,2015,1.0,14,144614,0,144614,Hotel,34.59999847,5525072.5,0.0,5269208.0,255864.0,False,Compliant,50.32
3320,2014,1.0,12,480702,163260,317442,"Office, Parking",37.20000076,12720069.0,0.0,11452968.0,1267099.0,False,Compliant,147.14
3321,2014,1.0,2,25532,0,25532,"Office, Repair Services (Vehicle, Shoe, Locksmith, etc)",26.70000076,627854.125,0.0,627854.0,0.0,False,Compliant,4.38
3322,2015,1.0,2,108036,0,108036,"Automobile Dealership, Parking",46.20000076,4991893.5,0.0,3752536.0,1239357.0,False,Compliant,91.98
3324,2015,1.0,12,483397,166208,317189,"Office, Parking",40.90000153,13998638.0,0.0,11733018.0,2265619.0,False,Compliant,202.12
3329,2014,1.0,13,536697,197659,339038,"Office, Parking, Retail Store",37.90000153,13239050.0,0.0,9925769.0,3313279.0,False,Compliant,245.16
3337,2014,1.0,4,126823,41539,85284,"Hotel, Parking, Swimming Pool",68.5,6042399.5,0.0,4115620.0,1926779.0,False,Compliant,131.02
3338,1955,1.0,1,52085,4222,47863,Non-Refrigerated Warehouse,69.19999695,3605855.5,0.0,732803.0,2873052.0,False,Compliant,157.7
3339,1929,1.0,2,24990,0,24990,Office,176.8999939,4420650.5,0.0,2167029.0,2253621.0,False,Compliant,134.8
3340,2013,1.0,1,72000,0,72000,Other - Recreation,40.59999847,2925780.0,0.0,1901620.0,1024160.0,False,Compliant,67.65
3347,2015,1.0,3,45000,0,45000,"K-12 School, Parking",29.0,1325972.75,0.0,1325973.0,0.0,False,Compliant,9.24
3356,2015,1.0,6,345290,85028,260262,"Data Center, Laboratory, Museum, Office, Other, Parking",144.5,39364116.0,0.0,23636804.0,15727308.0,False,Compliant,1000.06
3359,1962,1.0,1,68072,0,68072,College/University,46.20000076,3180819.25,0.0,3180819.0,0.0,False,Compliant,22.17
3360,2005,1.0,1,20616,0,20616,"Fitness Center/Health Club/Gym, Office, Other - Recreation, Pre-school/Daycare, Social/Meeting Hall",30.89999962,636965.5,0.0,636965.4881,0.0,False,Compliant,4.44
3361,2013,1.0,1,11685,0,11685,Prison/Incarceration,72.80000305,851053.8125,0.0,347288.714,503764.9902,False,Compliant,29.18
3362,2010,1.0,1,11968,0,11968,Prison/Incarceration,65.5,783423.0,0.0,403243.1149,380179.9805,False,Compliant,23.0
3363,1949,1.0,1,11285,0,11285,Prison/Incarceration,57.20000076,645665.375,0.0,431795.424,213870.0195,False,Compliant,14.37
3364,1911,1.0,1,16795,0,16795,"Fitness Center/Health Club/Gym, Food Service, Office, Other - Recreation, Pre-school/Daycare",55.79999924,936616.5,0.0,542134.386,394481.9824,False,Compliant,24.73
3365,1972,1.0,1,12769,0,12769,"Fitness Center/Health Club/Gym, Office, Other - Recreation, Swimming Pool",400.7999878,5117308.5,0.0,1205173.312,3912135.156,False,Compliant,216.18
3366,1952,1.0,1,13661,0,13661,Office,36.79999924,502667.6875,0.0,502667.782,0.0,True,Error - Correct Default Data,3.5
3367,1912,1.0,1,23445,0,23445,Other - Recreation,254.8999939,5976246.0,0.0,1260869.84,4715375.781,False,Compliant,259.22
3368,1994,1.0,1,20050,0,20050,"Fitness Center/Health Club/Gym, Office, Other - Recreation, Other - Technology/Science",90.40000153,1813404.0,0.0,769453.0749,1043951.074,False,Compliant,60.81
3369,1960,1.0,1,15398,0,15398,Office,25.20000076,387810.0,0.0,277536.8515,110272.998,True,Error - Correct Default Data,7.79
3370,1982,1.0,1,18261,0,18261,Other - Recreation,51.0,932082.125,0.0,632362.0071,299719.9951,False,Compliant,20.33
3371,1990,1.0,1,12294,0,12294,Office,69.09999847,849745.6875,0.0,524270.86,325475.0244,True,Error - Correct Default Data,20.94
3372,2004,1.0,1,16000,0,16000,Other - Recreation,59.40000153,950276.1875,0.0,396546.052,553729.9805,False,Compliant,32.17
3373,1974,1.0,1,13157,0,13157,"Fitness Center/Health Club/Gym, Other - Recreation, Swimming Pool",438.2000122,5765898.0,0.0,1792158.758,3973739.063,False,Compliant,223.54
3374,1989,1.0,1,14101,0,14101,"Fitness Center/Health Club/Gym, Food Service, Office, Other - Recreation, Pre-school/Daycare",51.0,719471.1875,0.0,348870.176,370601.001,False,Compliant,22.11
3375,1938,1.0,1,18258,0,18258,"Fitness Center/Health Club/Gym, Food Service, Office, Other - Recreation, Pre-school/Daycare",63.09999847,1152896.25,0.0,432554.2475,720341.9922,False,Compliant,41.27
